Delta,State variable,Smoothing,Residuals,Standard deviation,Variance,Lag-1 AC,Lag-2 AC,Lag-3 AC,Lag-6 AC,Coefficient of variation,Skewness,Kurtosis,AIC fold,AIC hopf,AIC null,Coherence factor,Params fold,Params hopf,Params null,Smax
0.01,0.2306641758642936,0.19862751343079882,0.03203666243349479,0.05414875854974524,0.0029320880524786085,0.9870509275233098,0.9491570512597532,0.8882230352266122,0.5953091590224254,0.27261424098216674,0.3305483642702342,-0.5506269809268791,2.1553561397396655e-14,0.9999999999999785,3.334683497269385e-27,0.0,"{'sigma': 0.02063049194597174, 'lam': -0.24789408324510243}","{'sigma': 0.009139871720939441, 'mu': -0.06505612327894528, 'w0': 0.1922088443998131, 'delta': 7.44773132055343e-11, 'psi': 0.2}",{'sigma': 0.02447362482684399},0.0012387053359327886
0.02,0.21857742746539946,0.20092076196782216,0.0176566654975773,0.013734450688877516,0.0001886351357252081,0.9739271985241753,0.904651129959084,0.8021930289490546,0.379691825806893,0.06835746606789636,0.2718272966392683,0.48093852879442817,1.3786623452099625e-33,1.0,8.235042531300242e-45,4.1113199601354675e-05,"{'sigma': 0.006065830691860735, 'lam': -0.29674172814669264}","{'sigma': 0.002678436257026906, 'mu': -0.06975600391376613, 'w0': 0.20609467995578934, 'delta': 1.4326118069618587e-10, 'psi': 0.2}",{'sigma': 0.006596000735319543},8.222639920270935e-05
0.03,0.19337965347643796,0.20621703614767437,-0.012837382671236408,0.009362486715180305,8.76561574919277e-05,0.957162092679523,0.850135511229206,0.7017548323679077,0.1624979457613939,0.0454012185429605,0.07957638585211689,-0.19426594305042041,1.3222711326074107e-36,1.0,3.487555187579794e-49,1.6607503608451438e-05,"{'sigma': 0.004515264673172955, 'lam': -0.3342841060852524}","{'sigma': 0.0019767645017489954, 'mu': -0.07521773533278386, 'w0': 0.22223140966432622, 'delta': 3.831823747191265e-11, 'psi': 0.2}",{'sigma': 0.004658864096839049},3.3215007216902877e-05
0.04,0.20848073854028604,0.21156475580782808,-0.0030840172675420385,0.006048662909084877,3.658632298773912e-05,0.9257438512715281,0.7557998202408115,0.5468258696555433,-0.02162317284651776,0.028590139643487333,0.04707607716291599,-0.10566664654571675,1.2739544745184827e-24,1.0,2.1086798225242644e-37,5.109974991002011e-06,"{'sigma': 0.00317579534360802, 'lam': -0.41111255166577143}","{'sigma': 0.0012390115113054545, 'mu': -0.08022629034068074, 'w0': 0.23702922605553492, 'delta': 1.3953282973488967e-12, 'psi': 0.2}",{'sigma': 0.0029776045007687615},1.0219949982004021e-05
0.05,0.2141290691973957,0.2170509667940249,-0.002921897596629225,0.004961282809734256,2.461432711816464e-05,0.8980335545979471,0.6815153615282944,0.4411069812465462,-0.10808526194546972,0.022857689715944877,-0.07172479611030438,-0.13416853601603984,1.3359273517529103e-12,0.9999999999986642,4.560967049006054e-25,3.155341451009167e-06,"{'sigma': 0.0027830025287574503, 'lam': -0.4809630890216092}","{'sigma': 0.0009697995068478349, 'mu': -0.08354192360689683, 'w0': 0.24682529174237514, 'delta': 2.883120409080675e-10, 'psi': 0.2}",{'sigma': 0.0024204016900399206},6.310682902018334e-06
0.06000000000000001,0.2267851192980479,0.2226306245586061,0.004154494739441794,0.004396451650847322,1.9328787118238147e-05,0.8741426667089942,0.620739281554223,0.3664689292262211,-0.14159918406331604,0.01974778842435841,0.05475248034695095,-0.0994793495378741,3.894291015681561e-12,0.9999999999961058,1.500112453849816e-23,2.5071963825414236e-06,"{'sigma': 0.002541447891394968, 'lam': -0.516267299164689}","{'sigma': 0.000847420899543927, 'mu': -0.0859942466784922, 'w0': 0.2540707001798065, 'delta': 3.0380853388578544e-10, 'psi': 0.2}",{'sigma': 0.0021389608372978258},5.014392765082847e-06
0.06999999999999999,0.22882577453404154,0.22827590511367118,0.000549869420370358,0.003999750669867346,1.599800542110429e-05,0.8252819748977122,0.4841730508466724,0.17362212531473345,-0.2284484202662931,0.017521577001442155,-0.020112399698355748,-0.1294296249082113,7.061892200503409e-10,0.9999999992938107,3.899849164519064e-21,1.726264950579565e-06,"{'sigma': 0.0026179726639731747, 'lam': -0.6606401566726672}","{'sigma': 0.0009166746164088746, 'mu': -0.125509660111226, 'w0': 0.37081930963435256, 'delta': 2.1731505484012814e-12, 'psi': 0.2}",{'sigma': 0.001938111021485127},3.45252990115913e-06
0.08,0.23291967230635305,0.23397468958929657,-0.0010550172829435212,0.0038426850332713004,1.4766228264927255e-05,0.8036760947711908,0.43543148941472837,0.13342002900515165,-0.1701581334478238,0.016423500632259874,-0.05422402959780573,-0.14210219202199714,0.04550834340687496,0.9544916565931235,1.4116819839347194e-15,1.3653184371170773e-06,"{'sigma': 0.0025235233942315053, 'lam': -0.6761474954362843}","{'sigma': 0.000854233313919428, 'mu': -0.1273231819260876, 'w0': 0.3761773745559949, 'delta': 4.150013666048835e-13, 'psi': 0.2}",{'sigma': 0.0018613305500155754},2.7306368742341545e-06
0.09,0.2418320728116595,0.23975495455974244,0.0020771182519170595,0.0035443863310396003,1.256267446366036e-05,0.7252979394452372,0.2307582233164872,-0.10273191065386497,-0.1317795558681358,0.014783379472963711,0.1305700787207477,0.15162390980101953,0.998626079034384,0.0013739209642603739,1.3553835517306806e-12,8.836796757971097e-07,"{'sigma': 0.0027947203014775175, 'lam': -0.9315273290125243}","{'sigma': 0.0009565727483096254, 'mu': -0.18635739792386286, 'w0': 0.5505944451159994, 'delta': 1.8055978934228278e-10, 'psi': 0.2}",{'sigma': 0.00172032392272296},1.7673593515942195e-06
0.1,0.24390422463570044,0.24557962297511132,-0.001675398339410883,0.003352276217156783,1.1237755836114992e-05,0.6605126856378796,0.05765135010709502,-0.28433649744411016,0.0021532179817020697,0.013650467907561793,0.007829076955318188,0.07763611509738266,0.0028167281959120467,0.9971832717856862,1.8401763238486887e-11,8.92547897778634e-07,"{'sigma': 0.0029994841145494578, 'lam': -1.184421989874754}","{'sigma': 0.0012143777976956205, 'mu': -0.285489846942631, 'w0': 0.8434820724768062, 'delta': 2.2007344835373033e-09, 'psi': 0.2}",{'sigma': 0.0015997576293326399},1.1900638637048455e-06
0.11,0.24967018843248,0.25150806453488644,-0.0018378761024064327,0.003671372387074756,1.347897520457499e-05,0.632036241009256,-0.030820757782946195,-0.3963131121111985,0.08747866283551142,0.01459742727491871,-0.08810174988741064,-0.07831521910051355,1.552630000097958e-12,0.9999999999984475,1.1745475255618289e-17,1.0004400792385723e-06,"{'sigma': 0.0036084456323420356, 'lam': -1.3579593724786359}","{'sigma': 0.001470360770833734, 'mu': -0.30763957602749725, 'w0': 0.9089236246762442, 'delta': 1.693933882052079e-11, 'psi': 0.2}",{'sigma': 0.0017656153191921576},1.6674001320642874e-06
0.12,0.25906199002431113,0.25747703194711613,0.0015849580771949978,0.0039037821018897477,1.5239514699034736e-05,0.5991287766015336,-0.11806488010457762,-0.4830830414799767,0.16012642916818295,0.015161664681775391,-0.03577102248952291,-0.34720375706150763,2.778305927072135e-17,1.0,4.200969426981286e-21,1.5275563781306857e-06,"{'sigma': 0.004060403089989986, 'lam': -1.478099224011726}","{'sigma': 0.001639791515651856, 'mu': -0.31875205961302644, 'w0': 0.947474528611177, 'delta': 0.0057189809920530355, 'psi': 0.2}",{'sigma': 0.001883758924180259},2.182223397329551e-06
0.13,0.26426313276287816,0.26352896975558115,0.0007341630072970062,0.004797394748361368,2.301499637160523e-05,0.5397946325773724,-0.3063886554639077,-0.6897836829942396,0.4657297384915615,0.01820443532336756,0.04224841108283943,-0.0003915035827784156,2.551200112383302e-34,1.0,2.4510075458133187e-35,9.686269194552578e-06,"{'sigma': 0.005675953038015033, 'lam': -1.7924996440582095}","{'sigma': 0.0013140018923587515, 'mu': -0.14844202000047702, 'w0': 1.0443208526882821, 'delta': 0.6057476996082538, 'psi': 0.2}",{'sigma': 0.002322450036903152},5.535010968315758e-06
0.14,0.2642927697398903,0.2696964097155568,-0.005403639975666508,0.006850028501047742,4.692289046516637e-05,0.5120206631087263,-0.4160535911727822,-0.8409924519448995,0.694945132357533,0.025399030602432877,0.11199345796736548,-0.09056736801465876,5.630065100829103e-44,1.0,2.709055124149281e-44,2.6390563769452122e-05,"{'sigma': 0.00850335491463055, 'lam': -1.9511388750883776}","{'sigma': 0.0015513068965071763, 'mu': -0.09887062833489813, 'w0': 1.0456554395240676, 'delta': 0.7535413655192775, 'psi': 0.2}",{'sigma': 0.003284367359230817},1.508032215397264e-05
0.15000000000000002,0.29475786762746525,0.2764425298699781,0.01831533775748717,0.0248535548305238,0.0006176991877138529,0.48501236996516056,-0.5154197005135627,-0.9783902102186786,0.9719803413976181,0.08990526209482765,0.19130576994178833,-0.9651922024985881,3.7146089394610256e-46,1.0,4.2846518388227865e-46,0.0004845893150431307,"{'sigma': 0.032426494948255065, 'lam': -2.0905415887330534}","{'sigma': 0.0038603396743324137, 'mu': -1.7788478248403905e-05, 'w0': 1.0340823479081556, 'delta': 1.0340297917047714, 'psi': 0.2}",{'sigma': 0.01194426195374663},0.0002769081800246461
0.16,0.16628761377970572,0.2961508863731956,-0.12986327259348987,0.12486902091254037,0.015592272383656444,0.46120428079124365,-0.43641632521732865,-0.8626970763750577,0.9637454035643148,0.42163992682308177,0.5992861065748236,-1.0647914410443708,9.076682634810329e-39,1.0,9.662824868229138e-39,0.017189823775806724,"{'sigma': 0.1611238844143026, 'lam': -2.072956952211727}","{'sigma': 0.01985364933893541, 'mu': -5.678095767569502e-06, 'w0': 1.016772871741166, 'delta': 1.0167560957611284, 'psi': 0.2}",{'sigma': 0.059980497703642055},0.005729941258602245
0.17,0.13698752121645166,0.32486491181544386,-0.1878773905989922,0.21083989412254417,0.04445346095360563,0.46080551534747605,-0.3334341428544619,-0.7340881164717683,0.6838498403479408,0.6490122976660099,0.8512446748771982,-0.6428763593868134,5.560807700428383e-31,1.0,5.36774068405154e-31,0.05719062266007083,"{'sigma': 0.2624496878926029, 'lam': -1.9807622187038176}","{'sigma': 0.04004006553922124, 'mu': -0.07924417936434236, 'w0': 0.9222059645287397, 'delta': 0.6880783933265473, 'psi': 0.2}",{'sigma': 0.10107385622890332},0.019063540886690288
0.18000000000000002,1.7669059385313948,0.6371375007442676,1.1297684377871273,0.8448807079683783,0.7138234106971483,0.7167895649675524,0.23211085669990214,-0.2138004521692659,-0.552818421257204,1.3259082769975719,1.0028638963479282,-0.6237739986818525,2.271124063199735e-21,1.0,4.623375581722834e-23,0.3154749883510364,"{'sigma': 0.7353023174588832, 'lam': -1.0989550242373043}","{'sigma': 0.11970111987665177, 'mu': -0.00013789689748833212, 'w0': 0.5451213539333859, 'delta': 0.5447139364303688, 'psi': 0.2}",{'sigma': 0.4055012169731775},0.21031665890069098
0.19,0.002061002069491734,0.7445939291247812,-0.7425329270552894,1.0122193929410583,1.0245880994459646,0.7538093375479248,0.3318546270362549,-0.0908704272854353,-0.5328040386299252,1.3596069376944648,0.9745856481629682,-0.7394941524192004,1.2740116526585166e-22,1.0,1.010466600018872e-24,0.5395759988575282,"{'sigma': 0.8249707810302489, 'lam': -0.9806764714775342}","{'sigma': 0.19680506229181427, 'mu': -0.0902421518457639, 'w0': 0.4938743275748668, 'delta': 0.22725315739949337, 'psi': 0.2}",{'sigma': 0.4848395386312031},0.35971733257168553
0.2,2.6006580451656323,0.8111702295836182,1.7894878155820142,1.1083303646155702,1.228396197128883,0.7696115817649167,0.37497473007010995,-0.02975666878528304,-0.5293397632317697,1.3663599771938424,0.9456885486117221,-0.834174575599333,1.557771432146315e-22,1.0,6.108866127334249e-25,0.6433969423831831,"{'sigma': 0.8780542239935604, 'lam': -0.9262618892814105}","{'sigma': 0.2246583986369597, 'mu': -0.09630621832721498, 'w0': 0.45774634936419933, 'delta': 0.17320884554388916, 'psi': 0.2}",{'sigma': 0.5325301017471334},0.4289312949221222
0.21,0.3643919363547424,0.8535918516196978,-0.4891999152649554,1.1659282546690353,1.359388695035583,0.7761430438667581,0.39381063313545006,-0.0033027466442631186,-0.5298513286618292,1.3658797114006822,0.9329943135136298,-0.8664770783232523,1.327592232233415e-22,1.0,4.131849178328986e-25,0.7073268247231603,"{'sigma': 0.9104404637499385, 'lam': -0.9044032523646641}","{'sigma': 0.23051523279990316, 'mu': -0.0910416178654605, 'w0': 0.44367097119272075, 'delta': 0.1746877721724316, 'psi': 0.2}",{'sigma': 0.5593789336444539},0.471551216482107
0.22,2.4436510291694558,0.8761268334244648,1.567524195744991,1.1789711232365307,1.389972909425607,0.7784454567809237,0.38756281208773347,-0.019204686511881373,-0.5437625112618302,1.3456352417497244,0.8987208972036775,-0.9339668244340449,3.905236875775802e-23,1.0,1.703391129685508e-25,0.7374626224534844,"{'sigma': 0.9259179595386625, 'lam': -0.9167798030033327}","{'sigma': 0.23472346185258952, 'mu': -0.0934622135415204, 'w0': 0.454912905892216, 'delta': 0.17877803729765085, 'psi': 0.2}",{'sigma': 0.5639258091396143},0.49164174830232305
0.23,0.00018838200064839005,0.9050073903135832,-0.9048190083129348,1.2111424747211803,1.466866094073745,0.7776816693804899,0.3896780980965014,-0.015146720360819455,-0.5485983848798238,1.3382824923469676,0.8838470606506057,-0.9655133838162185,7.074637717443182e-24,1.0,3.1180679182070814e-26,0.7867554238089997,"{'sigma': 0.9525551455437431, 'lam': -0.9139610222748598}","{'sigma': 0.2438006816220375, 'mu': -0.09445579216913358, 'w0': 0.457780598981931, 'delta': 0.1787101942666378, 'psi': 0.2}",{'sigma': 0.5811480982572828},0.5245036158726666
0.24,0.28026210806504154,0.9316583647130073,-0.6513962566479659,1.2395990409128899,1.5366057822321566,0.7826507700770139,0.39622275200982177,-0.008215919364805587,-0.5584336329219555,1.3304413916540985,0.8636774046980716,-1.0070452069792604,2.5885697474781387e-24,1.0,1.2511009369247134e-26,0.8388324794309159,"{'sigma': 0.9745659696186568, 'lam': -0.9090941537099182}","{'sigma': 0.24855650044331234, 'mu': -0.09305709928109973, 'w0': 0.45670089812368186, 'delta': 0.18176294290007333, 'psi': 0.2}",{'sigma': 0.5957015092182221},0.5592216529539441
0.25,0.0012623468350974722,0.9605999208771093,-0.9593375740420118,1.2660551138796374,1.6028955513807817,0.7832731776782668,0.3971087219486795,-0.00742135678827129,-0.5676207712054282,1.3179925980396068,0.8408185078180588,-1.0513698029177814,7.697418391035973e-25,1.0,3.880879035225901e-27,0.8784462653774482,"{'sigma': 0.99562306035915, 'lam': -0.9091437985425093}","{'sigma': 0.25677574771605927, 'mu': -0.0944662329197341, 'w0': 0.4604719156508602, 'delta': 0.18137066365316423, 'psi': 0.2}",{'sigma': 0.6082255370533175},0.5856308435849656
0.26,0.9212655036372128,0.9858405563778508,-0.06457505274063802,1.2895913693156784,1.6630458998134863,0.784786222734768,0.4011865123256231,-0.002870584447415517,-0.577276728484713,1.3082083501475639,0.8188667052512525,-1.0943504302280582,8.86955203426189e-26,1.0,4.381456725094731e-28,0.918995124631148,"{'sigma': 1.0159699748730018, 'lam': -0.9063194059274142}","{'sigma': 0.2650775460152426, 'mu': -0.09554948647143036, 'w0': 0.4623947830203012, 'delta': 0.18009304961073114, 'psi': 0.2}",{'sigma': 0.6216189049410213},0.6126634164207655
0.27,0.06937529002030214,1.0231001988002912,-0.9537249087799891,1.3297371252777936,1.7682008223420504,0.7861070678471465,0.4099366473077634,0.011852054162827043,-0.5824557153263947,1.299618812797715,0.799855436164931,-1.139374817817675,7.129714416768935e-26,1.0,3.884150334453556e-28,0.9820987282725493,"{'sigma': 1.0376896809439546, 'lam': -0.8982406785880803}","{'sigma': 0.2658229508297023, 'mu': -0.09162892359436481, 'w0': 0.45498301346957315, 'delta': 0.1842646149057403, 'psi': 0.2}",{'sigma': 0.6382081674407813},0.654732485515033
0.28,1.2207290963728603,1.0301105206378103,0.19061857573505003,1.3265358684384365,1.759697410253717,0.7801330055721053,0.3941643095895245,-0.013178475402842406,-0.5966425769516818,1.2878205754548202,0.7847832936022532,-1.16297404692892,1.1494566224234312e-26,1.0,9.697581239160322e-29,1.0019190489565528,"{'sigma': 1.0508584477653922, 'lam': -0.9205991725518272}","{'sigma': 0.26438053086255553, 'mu': -0.0915223319056877, 'w0': 0.4759086682618255, 'delta': 0.20550519570745474, 'psi': 0.2}",{'sigma': 0.637432982426255},0.6679460326377021
0.29000000000000004,3.431598002825405,1.0516025860413214,2.3799954167840838,1.3439416141281966,1.8061790621855023,0.7800532257719995,0.3947452511360636,-0.012782796233760456,-0.6027941269331542,1.2780035416574507,0.7717631392080903,-1.1787214795345127,1.6908926554818743e-27,1.0,1.3360593454678549e-29,1.0237888659373655,"{'sigma': 1.0627870923134042, 'lam': -0.9184613805314625}","{'sigma': 0.2692247213058563, 'mu': -0.09191467524934205, 'w0': 0.4798916534030288, 'delta': 0.2083289992549564, 'psi': 0.2}",{'sigma': 0.6455789287165303},0.6825259106249105
0.3,0.003402632889659552,1.0769680383742293,-1.0735654054845698,1.362357435046062,1.8560177808252853,0.7819850990126652,0.3971497497871589,-0.011089420125380842,-0.6162965798989614,1.2650042916333701,0.7467313543189769,-1.2228944766940082,2.086294868958339e-28,1.0,1.8213383543314153e-30,1.0600948537644803,"{'sigma': 1.0782912695023434, 'lam': -0.9196349554931484}","{'sigma': 0.2727413023063028, 'mu': -0.0910972256673559, 'w0': 0.4833429043446436, 'delta': 0.2141954116222542, 'psi': 0.2}",{'sigma': 0.6541123103203904},0.7067299025096537
0.31,0.0006752327146167358,1.0994044313026579,-1.0987291985880412,1.3742362552261285,1.8885252851779328,0.7816585350134899,0.39364711074983405,-0.019087734565192856,-0.6291351692758187,1.2499819254442777,0.72438147081567,-1.2570261063101884,7.443694391581386e-29,1.0,8.43465745162518e-31,1.0913845747834712,"{'sigma': 1.0897223044974116, 'lam': -0.9271927570791938}","{'sigma': 0.2670651321551383, 'mu': -0.0863672131168498, 'w0': 0.4912945573116138, 'delta': 0.2361219250659068, 'psi': 0.2}",{'sigma': 0.657573449493233},0.7275897165223143
0.32,0.24188694291047896,1.1141621289241153,-0.8722751860136363,1.3857981371124455,1.9204364768243243,0.7826183007881207,0.39427085723603883,-0.019131018096829162,-0.6384697557635196,1.2437966660267128,0.7143137272409766,-1.271233138269775,1.2649238997947704e-29,1.0,1.4520348601590297e-31,1.1162061119949935,"{'sigma': 1.104309717317838, 'lam': -0.9282642313704064}","{'sigma': 0.2695694205881727, 'mu': -0.08460177714889272, 'w0': 0.4971622236881118, 'delta': 0.2472055863407856, 'psi': 0.2}",{'sigma': 0.6658663073454448},0.7441374079966625
0.33,0.008210016195496063,1.131163146168153,-1.122953129972657,1.3918191169195688,1.9371604542227685,0.7817449654035102,0.3895264150646079,-0.028178063625114626,-0.6509395711329268,1.2304212510717778,0.6956944926773464,-1.2952271677867333,2.267261526270979e-30,1.0,2.733459049277165e-32,1.1214997513453564,"{'sigma': 1.1153819472732824, 'lam': -0.9342048939213434}","{'sigma': 0.266442381290906, 'mu': -0.07943335991954092, 'w0': 0.5072793925245807, 'delta': 0.27259288583636754, 'psi': 0.2}",{'sigma': 0.669834793067523},0.7476665008969045
0.34,0.0537645106558358,1.148129716573731,-1.0943652059178952,1.3962928954104892,1.9496338497738073,0.7783572026587272,0.380368132940531,-0.04289392568851949,-0.6667274549855167,1.2161441260148476,0.6692657439089963,-1.335083271981928,4.5601032858790594e-31,1.0,7.654759610413014e-33,1.1359538491985235,"{'sigma': 1.1253843012752822, 'lam': -0.9489718261540774}","{'sigma': 0.2463368476440171, 'mu': -0.06483714695095166, 'w0': 0.518258656663129, 'delta': 0.3266967796764062, 'psi': 0.2}",{'sigma': 0.669944804862517},0.7573025661323493
0.35000000000000003,0.0012146332188767706,1.1602323160999384,-1.1590176828810617,1.3972020683275923,1.952173619738902,0.7753040815801774,0.3709269751129367,-0.05938571970111813,-0.6792358546188705,1.2042339194436187,0.6576804555352456,-1.345391169763217,1.3582774018665408e-31,1.0,2.686713108223132e-33,1.1267873674861226,"{'sigma': 1.1366363482101096, 'lam': -0.9626223752902652}","{'sigma': 0.22774050636978616, 'mu': -0.04738050698875207, 'w0': 0.528487101401072, 'delta': 0.3885010088881802, 'psi': 0.2}",{'sigma': 0.671179402523018},0.7511915783240819
0.36000000000000004,0.08295771210019562,1.1742157493703305,-1.0912580372701348,1.3987081956209984,1.9563846164973488,0.7759443298947346,0.3672598463685988,-0.0679011084979267,-0.692287382949161,1.1911271747758283,0.6390263422655926,-1.365121140100656,2.469197593884858e-32,1.0,5.081264545338046e-34,1.1163231428422273,"{'sigma': 1.141748762350548, 'lam': -0.9672667042658216}","{'sigma': 0.21688858660894983, 'mu': -0.03441367906177106, 'w0': 0.5334387338061168, 'delta': 0.4317632396626352, 'psi': 0.2}",{'sigma': 0.6717904531315358},0.744215428561485
0.37,0.0027150793541928183,1.1886389809511266,-1.1859239015969338,1.403802082556753,1.9706602869906766,0.7715901366167166,0.358203979386993,-0.08134983477042487,-0.7028697723983882,1.1810386108404618,0.6277023435578225,-1.3787155012961365,6.669643059387499e-33,1.0,1.5511059427805644e-34,1.1044855875886368,"{'sigma': 1.1536492869674064, 'lam': -0.9785489961877052}","{'sigma': 0.2033281352370886, 'mu': -0.000122346733438361, 'w0': 0.5382266914223959, 'delta': 0.537865217005294, 'psi': 0.2}",{'sigma': 0.674760799760708},0.7363237250590914
0.38,2.048996079666959,1.202608454170069,0.8463876254968901,1.4043718054482157,1.972260167937881,0.7749353551126346,0.35799274003941156,-0.0852898929017171,-0.7178201800362193,1.1676907964849692,0.6064354149271088,-1.3992337684926255,1.443173222066798e-33,1.0,3.657258952247149e-35,1.0994535227137698,"{'sigma': 1.1587347167214457, 'lam': -0.9822998623090684}","{'sigma': 0.20661975946628663, 'mu': -4.1933345480638096e-05, 'w0': 0.5395095222803203, 'delta': 0.5393856298707009, 'psi': 0.2}",{'sigma': 0.6755000434695052},0.7329690151425134
0.39,0.03167710356512814,1.220107224355357,-1.1884301207902288,1.4165639810517996,2.0066535124133233,0.7679966276031889,0.3511710152202147,-0.09323587879757216,-0.7259925900562028,1.1610086667286792,0.5981091712443283,-1.4176003587769415,1.060539859113412e-33,1.0,2.914365663166494e-35,1.092914966454825,"{'sigma': 1.1735996200746368, 'lam': -0.9912083524544419}","{'sigma': 0.21052420596524968, 'mu': -2.6558320669556323e-05, 'w0': 0.5410555008145672, 'delta': 0.54097703404056, 'psi': 0.2}",{'sigma': 0.681620775106871},0.7286099776365502
0.4,2.71163153051898,1.2370357800097678,1.4745957505092122,1.4173950824741088,2.0090088198217857,0.7631386625036309,0.34102449288463155,-0.10805710288414296,-0.7383581921904964,1.1458302143568861,0.5715158179671326,-1.4522614864956722,5.5309194850260345e-34,1.0,1.667763698790907e-35,1.046554401572723,"{'sigma': 1.1825264753148692, 'lam': -1.00355581444387}","{'sigma': 0.214081922326828, 'mu': -1.492985794793178e-05, 'w0': 0.5438758664617344, 'delta': 0.543831756075233, 'psi': 0.2}",{'sigma': 0.6820635409211935},0.6977029343818156
0.41,0.002881259193426652,1.240553221021246,-1.2376719618278194,1.4092183698247644,1.9858964138515667,0.7654257232792349,0.3344257199302485,-0.12372842884422049,-0.7504410924353541,1.1359878734887545,0.5662933622233308,-1.4437475329194547,7.623611115986382e-34,1.0,2.553810570963972e-35,0.9970971633900817,"{'sigma': 1.1831576960390187, 'lam': -1.0137047154207748}","{'sigma': 0.21529497911864381, 'mu': -1.192249345693952e-05, 'w0': 0.5461617779190225, 'delta': 0.5461265528153223, 'psi': 0.2}",{'sigma': 0.677533187343476},0.6647314422600547
0.42,1.4053171290020647,1.2570236118811928,0.1482935171208719,1.414329926013837,2.000329139618305,0.7638372142288155,0.3317027098502507,-0.12840741816124251,-0.7609741578779032,1.125176840404544,0.5499811167905541,-1.4619144388055283,2.267305677595385e-34,1.0,7.988903457986184e-36,0.9803244610159892,"{'sigma': 1.1915162943357034, 'lam': -1.0175324229812293}","{'sigma': 0.21734765340246986, 'mu': -1.002329453236861e-05, 'w0': 0.5475645720330758, 'delta': 0.5475349581280151, 'psi': 0.2}",{'sigma': 0.6808104888870321},0.6535496406773263
0.43,0.003987103468765882,1.2707956090552506,-1.2668085055864846,1.4155600875268586,2.0038103613990472,0.7626651633699014,0.32632456924733094,-0.13862017988613806,-0.7703015818055456,1.1139199543744238,0.5326449925606845,-1.4797529440374164,8.940152301409246e-35,1.0,3.4746657301961904e-36,0.9448100655105901,"{'sigma': 1.1982195225230146, 'lam': -1.0260474314313024}","{'sigma': 0.21842119170819663, 'mu': -4.839468346728992e-06, 'w0': 0.5494398454069191, 'delta': 0.549425547158404, 'psi': 0.2}",{'sigma': 0.6812586815811243},0.6298733770070603
0.44,0.20700998830573591,1.2840350464961636,-1.0770250581904277,1.417712567151366,2.009908923058916,0.7594921169603878,0.32097006286040347,-0.14555753213094788,-0.7779606596464255,1.1041256676309792,0.5204435827575697,-1.4910403943859214,2.4719617221957365e-35,1.0,1.055066599876155e-36,0.6482596458749168,"{'sigma': 1.204731091142384, 'lam': -1.0329555316014005}","{'sigma': 0.21919240636075932, 'mu': -9.852116906294839e-06, 'w0': 0.5510745749229137, 'delta': 0.5510454667635387, 'psi': 0.2}",{'sigma': 0.6822844160708889},0.6482596458749168
0.45,3.3937364485540438,1.2983592831267263,2.0953771654273172,1.4205321147210417,2.0179114889538345,0.7585674461038908,0.3169157839344365,-0.1531618655325781,-0.7864254075379905,1.0941089482546604,0.5049644048400227,-1.5061895516248536,7.296328844009524e-36,1.0,3.461542979265956e-37,0.6762158985389592,"{'sigma': 1.2104323674800428, 'lam': -1.039916083447555}","{'sigma': 0.21957714376030668, 'mu': -7.738687104463793e-06, 'w0': 0.5525875069341204, 'delta': 0.5525646429202509, 'psi': 0.2}",{'sigma': 0.6827108726169687},0.6762158985389592
0.46,0.006129102629692087,1.309324611676061,-1.303195509046369,1.418813815182693,2.013032642153269,0.7553019283187811,0.3095859055716655,-0.1655107346553592,-0.7896163974849411,1.0836180851352208,0.49513648475907623,-1.5109780410107192,1.557567217703107e-36,1.0,8.451855515388499e-38,0.7103369692662356,"{'sigma': 1.2170721282962482, 'lam': -1.0518689915212676}","{'sigma': 0.2184993956039052, 'mu': -1.1245133658466244e-05, 'w0': 0.5548499725964975, 'delta': 0.5548167487578204, 'psi': 0.2}",{'sigma': 0.682164206935442},0.7103369692662356
0.47,3.4857308739217854,1.3211795537142923,2.164551320207493,1.4217953001590784,2.021501875554444,0.7523697667796219,0.305638828699052,-0.16984329923609923,-0.7945971217554304,1.0761923471565287,0.4854672550899075,-1.5199466052495227,3.2145900328955585e-37,1.0,1.92064135642035e-38,0.7347979762696871,"{'sigma': 1.224029556208224, 'lam': -1.0580866997017644}","{'sigma': 0.21847593971190604, 'mu': -5.275924351400008e-06, 'w0': 0.5561224470273536, 'delta': 0.5561068592660297, 'psi': 0.2}",{'sigma': 0.6838148937004407},0.7347979762696871
0.48,2.28308847400806,1.3322341457719171,0.950854328236143,1.415092828748875,2.002487713976493,0.7543560082796652,0.3007236834392739,-0.18200196456559417,-0.7974517528967617,1.0621520190987348,0.47028405206553364,-1.525134946534329,3.8500892470281957e-38,1.0,2.5649467364700355e-39,0.7559967446852977,"{'sigma': 1.222926208892877, 'lam': -1.0656996335683289}","{'sigma': 0.2160772453419273, 'mu': -8.85214032364523e-06, 'w0': 0.5579681971028129, 'delta': 0.5579420433823687, 'psi': 0.2}",{'sigma': 0.6797885080949196},0.7559967446852977
0.49,2.994768558898821,1.342639160695458,1.6521293982033631,1.4131416804241252,1.9969694089519203,0.7533602056693355,0.29610376289943413,-0.1911784356963787,-0.8001427725066667,1.0525314041704372,0.45496758162983486,-1.5379277909888853,5.970707398378751e-39,1.0,4.462641006422646e-40,0.7786415245786773,"{'sigma': 1.2269524082738843, 'lam': -1.0740130306915865}","{'sigma': 0.21425509940008491, 'mu': -6.8293224484428094e-06, 'w0': 0.5596225762387774, 'delta': 0.559602398950166, 'psi': 0.2}",{'sigma': 0.6789316874805837},0.7786415245786773
0.5,1.7982182326416103,1.3510743925679543,0.44714384007365604,1.4124905586972203,1.9951295784087855,0.7508544077156231,0.2918533035702141,-0.19798410163973515,-0.7993292748071054,1.0454565357897447,0.4467021128703404,-1.5440648665921208,1.182610601908202e-39,1.0,9.756530563905226e-41,0.7993877167159931,"{'sigma': 1.2316123590297536, 'lam': -1.0812764338528922}","{'sigma': 0.21237978374730115, 'mu': -1.2755354586113654e-05, 'w0': 0.5611478339708579, 'delta': 0.5611101481721907, 'psi': 0.2}",{'sigma': 0.6789763518271199},0.7993877167159931
0.51,0.0320630573572534,1.3653748491804525,-1.3333117918231991,1.4113726870488141,1.99197286174739,0.7489995602013871,0.28598084171592236,-0.20736785586462422,-0.7974412198721567,1.0336640160101689,0.4295192930810832,-1.5567182125705334,4.828209198830445e-40,1.0,4.4215520454342883e-41,0.8169958238999054,"{'sigma': 1.2345555205364505, 'lam': -1.0893602879839066}","{'sigma': 0.20978146648215756, 'mu': -1.266998557825083e-05, 'w0': 0.5627226170400044, 'delta': 0.5626851834647639, 'psi': 0.2}",{'sigma': 0.677609156615415},0.8169958238999054
0.52,0.02412846304825593,1.376465764727069,-1.3523373016788132,1.4081443227434032,1.9828704336744774,0.7484220062261399,0.2816361163887743,-0.2158143014000337,-0.7958190321046259,1.0230305332807543,0.414481706130354,-1.5665261330311337,4.796387981341312e-40,1.0,4.81673387790163e-41,1.6631261662694137,"{'sigma': 1.2368275858622952, 'lam': -1.0964492776853443}","{'sigma': 0.20718137213846322, 'mu': -2.1211427969403118e-05, 'w0': 0.5641345201127722, 'delta': 0.5640718507766513, 'psi': 0.2}",{'sigma': 0.6762262917558229},0.8315630831347066
0.53,1.1356078019910278,1.3893062781706185,-0.2536984761795906,1.4084299399299733,1.9836748956911483,0.7445842951811645,0.2762061310134791,-0.22394443925444749,-0.7895364616465546,1.0137885342710564,0.4039668449968627,-1.5733160827392758,2.7848342010498866e-39,1.0,3.1004718302668807e-40,1.6939793200670115,"{'sigma': 1.2428415481491348, 'lam': -1.1071522126591784}","{'sigma': 0.20384768529537234, 'mu': -0.0008454889965141543, 'w0': 0.565785506309256, 'delta': 0.563287502205738, 'psi': 0.2}",{'sigma': 0.6761677144722129},0.8469896600335054
0.54,3.46276844216138,1.3989030653359944,2.063865376825386,1.4043468811406281,1.9721901625694094,0.743555957376131,0.2704319325167477,-0.23318146136595247,-0.7841569547414202,1.0038757819003923,0.39220766171401955,-1.577204464561277,7.402234394445714e-39,1.0,8.865404418442945e-40,1.7119417865850195,"{'sigma': 1.2427509622585315, 'lam': -1.112605349988451}","{'sigma': 0.2138128050086856, 'mu': -0.0285049843822911, 'w0': 0.5696213392554411, 'delta': 0.48540313150673087, 'psi': 0.2}",{'sigma': 0.6739965089656262},0.8559708932925094
0.55,1.879355890492926,1.4052144396303297,0.4741414508625963,1.3988784324198438,1.9568608686893993,0.7425769811879926,0.26658607319510064,-0.24159567735393486,-0.7775401544974095,0.9954882419343112,0.3827403363716942,-1.5808683207220988,7.05323897540643e-38,1.0,9.226135002899136e-39,1.7284605510902193,"{'sigma': 1.244386428740228, 'lam': -1.1214140427401107}","{'sigma': 0.22901345420829045, 'mu': -0.046137051141098784, 'w0': 0.5762646503899648, 'delta': 0.43995235827280554, 'psi': 0.2}",{'sigma': 0.6718746771508437},0.8642302755451093
0.56,0.021647301083161614,1.4154565509305312,-1.3938092498473695,1.395207743572885,1.9466046477257408,0.7412079827298138,0.2608087654956111,-0.2524402534348541,-0.7690075972505709,0.985690082255812,0.3705125876833442,-1.5867116640135697,3.6802642975106542e-37,1.0,5.183648427633193e-38,1.7388735181482917,"{'sigma': 1.245752659474992, 'lam': -1.1295823457265701}","{'sigma': 0.24271247162726972, 'mu': -0.05867206130184188, 'w0': 0.5840526651779572, 'delta': 0.410705583787049, 'psi': 0.2}",{'sigma': 0.6699083761144509},0.8694367590741455
0.5700000000000001,2.232526797189649,1.4298684139525253,0.8026583832371237,1.392163230809537,1.9381184612180482,0.739245703018102,0.25644187191188733,-0.25979950870012464,-0.7609683260388971,0.9736270450068426,0.3539993457345383,-1.5955207357357877,1.1886556325973685e-36,1.0,1.7914093390025561e-37,1.7466704682657326,"{'sigma': 1.2466095402631217, 'lam': -1.1369812098937424}","{'sigma': 0.2541294329542898, 'mu': -0.06817272112021011, 'w0': 0.5929896030664018, 'delta': 0.3915727451198452, 'psi': 0.2}",{'sigma': 0.6678364708004615},0.873335234132866
0.5800000000000001,3.4680159405659463,1.4343387946682071,2.033677145897739,1.3860514043897911,1.9211384956109125,0.7375029579022985,0.24931762839401814,-0.2702460777916621,-0.7504382829092261,0.9663480596872253,0.34870454560919356,-1.5937736318419622,2.9504967632801838e-36,1.0,4.730746220365628e-37,1.7475474755970761,"{'sigma': 1.2474493071365582, 'lam': -1.1454966736358347}","{'sigma': 0.26361628409765214, 'mu': -0.07581649313622796, 'w0': 0.6039705444286603, 'delta': 0.3799701000119178, 'psi': 0.2}",{'sigma': 0.665516578327279},0.8737737377985377
0.59,0.028668936803351357,1.4411114464131614,-1.41244250960981,1.3798304413924334,1.9039320469932375,0.737327825371213,0.24543572263116725,-0.27986929351087814,-0.7407201798373239,0.9574868058195206,0.3404384783098449,-1.5935932190210529,3.9520941324554083e-36,1.0,6.666133021634531e-37,1.7417942447032375,"{'sigma': 1.245882848478518, 'lam': -1.1525024737585428}","{'sigma': 0.2684583993272196, 'mu': -0.08011151605403644, 'w0': 0.6149023954153283, 'delta': 0.37821227092276777, 'psi': 0.2}",{'sigma': 0.6622128856530921},0.8708971223516184
0.6,0.027519857308395908,1.4460905288082553,-1.4185706714998594,1.3689215338834981,1.8739461659299492,0.7376209879923438,0.2394360244917944,-0.2916042467620517,-0.7292284292878215,0.9466181236936171,0.33750482420373884,-1.5813429795616571,3.4810185364105333e-36,1.0,6.141586772814674e-37,1.7226693563412503,"{'sigma': 1.2415167248875805, 'lam': -1.16064928659837}","{'sigma': 0.2691976354368897, 'mu': -0.08190069571760206, 'w0': 0.6280075555406067, 'delta': 0.3860312852082488, 'psi': 0.2}",{'sigma': 0.6568800597222614},0.8613346781706248
0.61,1.8666905813695869,1.4580031596739607,0.4086874216956262,1.3659909795616765,1.8659313562438684,0.7327126784842114,0.2326062770647801,-0.3000125150568905,-0.7145439501670101,0.9368954332459076,0.3180428023729226,-1.5985415521491975,2.3681405155741742e-36,1.0,4.3708894807450286e-37,1.7157292151772976,"{'sigma': 1.2442860030313367, 'lam': -1.1695779587717527}","{'sigma': 0.26689232965910614, 'mu': -0.08050004727604998, 'w0': 0.640129800978593, 'delta': 0.4022917578366636, 'psi': 0.2}",{'sigma': 0.6558088534453353},0.8578646075886485
0.62,3.4863789022730067,1.4657400277994086,2.0206388744735984,1.3617565371451696,1.8543808664576038,0.7296127562366123,0.22633321877495433,-0.3095965558363417,-0.7012339405659036,0.9290648345638589,0.3080821781854499,-1.6042920932274052,1.0588565968687717e-36,1.0,2.017526641428556e-37,1.7012538555542815,"{'sigma': 1.244571652475076, 'lam': -1.1772220486946705}","{'sigma': 0.26097687546121584, 'mu': -0.0766379833314994, 'w0': 0.6508924568048681, 'delta': 0.4244649129376912, 'psi': 0.2}",{'sigma': 0.6535738431064403},0.8506269277771404
0.63,0.15155813133138452,1.4732116150699546,-1.32165348373857,1.353279435373881,1.83136523020585,0.728171645389204,0.22072453420546712,-0.3197291425201539,-0.6865398299901289,0.9185636665290561,0.29695561439080714,-1.6053175995953335,2.828708711311771e-37,1.0,5.522816578649878e-38,1.6747025276081777,"{'sigma': 1.2424497288382201, 'lam': -1.1854476458019698}","{'sigma': 0.2507298506465654, 'mu': -0.06971242818932333, 'w0': 0.6618533581597159, 'delta': 0.45588742317878306, 'psi': 0.2}",{'sigma': 0.6497568429420993},0.8373512638040885
0.64,0.15402252595769858,1.4788071056987782,-1.3247845797410795,1.3442962469919528,1.8071323996766493,0.7255619887544216,0.21267379398607839,-0.331296300716555,-0.6709239267599733,0.9090482190352738,0.28933787330576777,-1.6038917627309965,5.320721898926389e-38,1.0,1.059467165443264e-38,1.6442695423893592,"{'sigma': 1.2386764857532213, 'lam': -1.1925838969747207}","{'sigma': 0.23827338619706673, 'mu': -0.0607608814724141, 'w0': 0.6708890879308114, 'delta': 0.4913705703898017, 'psi': 0.2}",{'sigma': 0.6453731171093856},0.8221347711946794
0.65,1.4057436397922192,1.4855985194267771,-0.07985487963455795,1.336363444615203,1.7858672561038107,0.7229759148030848,0.20594829884282012,-0.3423087909323798,-0.6551105218847499,0.899555070346073,0.28024807625721904,-1.6039193356212935,5.292722233423655e-39,1.0,1.0726804220085693e-39,1.608822972241745,"{'sigma': 1.23615370132615, 'lam': -1.2015266030910021}","{'sigma': 0.22308739207921158, 'mu': -0.04838410727508213, 'w0': 0.6792090213109722, 'delta': 0.5362577836053217, 'psi': 0.2}",{'sigma': 0.6412605565584353},0.8044114861208723
0.66,3.0129851522772886,1.4922405419562503,1.5207446103210382,1.3273300823415712,1.761805147488882,0.7213065476273127,0.19954398498016854,-0.35334398148726465,-0.6392457439144436,0.8894815207730778,0.27022165170075263,-1.6052453456782314,3.5099643414696404e-40,1.0,7.214673665060745e-41,1.569217310778589,"{'sigma': 1.2321215207976053, 'lam': -1.2096330334560026}","{'sigma': 0.20726641260066847, 'mu': -0.03252508077785454, 'w0': 0.6858126027362166, 'delta': 0.5897169875533967, 'psi': 0.2}",{'sigma': 0.6365572587246775},0.7846086553892943
0.67,3.08507926402596,1.493289098612706,1.591790165413254,1.3155781817033931,1.730745952174006,0.7185110940036276,0.19076927238567684,-0.3662566444166679,-0.6199445365551998,0.881008079768563,0.2649243600957196,-1.602881041039901,1.0631647586210597e-41,1.0,2.2188029407054563e-42,1.5213641413836625,"{'sigma': 1.226924810912932, 'lam': -1.218708408192557}","{'sigma': 0.19324931914267096, 'mu': -7.945328550573727e-05, 'w0': 0.6908739842829466, 'delta': 0.6906392389059521, 'psi': 0.2}",{'sigma': 0.6309433254969982},0.760682070691831
0.68,3.2816649274834155,1.4984569516025734,1.7832079758808421,1.3060202153458118,1.7056888028919208,0.714634591352755,0.18124899526258362,-0.37813172424665437,-0.6009820408823556,0.8715704203953606,0.25965761711334606,-1.5983229511299497,1.003150867690585e-42,1.0,2.12539925432246e-43,1.4728987711740673,"{'sigma': 1.2221668826900922, 'lam': -1.2280008151742108}","{'sigma': 0.1947034434598709, 'mu': -2.431353978549211e-05, 'w0': 0.6924064098749146, 'delta': 0.6923345753242516, 'psi': 0.2}",{'sigma': 0.6257421713685538},0.7364493855870334
0.6900000000000001,3.253361848315289,1.5010927697099126,1.7522690786053765,1.293255386727701,1.6725094953002153,0.7125365054233144,0.1735177359011704,-0.3907593596715099,-0.5819236797473527,0.8615463756295536,0.2521095548832761,-1.5956949864174554,4.9785030671996666e-43,1.0,1.0608481900635113e-43,1.4176954049008716,"{'sigma': 1.2182137022946429, 'lam': -1.2381223242001678}","{'sigma': 0.195981933218633, 'mu': -1.4984848783372584e-05, 'w0': 0.6941064453463499, 'delta': 0.6940621724889788, 'psi': 0.2}",{'sigma': 0.6208840861741474},0.7088477024504356
0.7000000000000001,2.790380633647532,1.50341897364733,1.286961660000202,1.281175947906614,1.6414118094944108,0.7094744263174069,0.16501790777215128,-0.4041426997233443,-0.5607391940961919,0.8521899686151674,0.2463643970990826,-1.5942821784052061,7.277571501498187e-43,1.0,1.5609154196090527e-43,1.3573950570692237,"{'sigma': 1.2123028797756725, 'lam': -1.247808272881132}","{'sigma': 0.19677949914923154, 'mu': -6.922374436779677e-06, 'w0': 0.6958679476515098, 'delta': 0.6958474954400435, 'psi': 0.2}",{'sigma': 0.6151285433723845},0.6786975285346116
0.7100000000000001,2.54520252263633,1.5078243442274142,1.0373781784089158,1.2679101349964372,1.6075961104266836,0.7062517531553181,0.15663168409120914,-0.4157671407677964,-0.5396912332547661,0.8408848597317196,0.23759878829467831,-1.5917535908132252,2.646517143964561e-42,1.0,5.767073875771155e-43,1.2934099394597347,"{'sigma': 1.2058878094181054, 'lam': -1.2588814788377318}","{'sigma': 0.19702672617468076, 'mu': -4.219612973921372e-06, 'w0': 0.6976523409844019, 'delta': 0.6976398741036174, 'psi': 0.2}",{'sigma': 0.6088239926449689},0.6467049697298671
0.72,0.13590959833989005,1.5042759634735043,-1.3683663651336142,1.2519912036120293,1.567481973921898,0.7014202246901707,0.14436319548972273,-0.4312109330058495,-0.5124567257062281,0.8322935411647732,0.2398139766552621,-1.581589977161096,1.7165324814474783e-41,1.0,3.823059229313867e-42,1.2194175478667584,"{'sigma': 1.1985416124727652, 'lam': -1.271745875126539}","{'sigma': 0.19680102379737496, 'mu': -7.28849078113214e-06, 'w0': 0.6996996465267875, 'delta': 0.6996781126216098, 'psi': 0.2}",{'sigma': 0.6016186260810902},0.609708773933379
0.73,3.356319430516097,1.505449764965718,1.8508696655503791,1.236677981103837,1.5293724289470627,0.6969667657642256,0.13366956540866046,-0.4453816103372951,-0.4880842699955351,0.8214525011336349,0.23472850848613377,-1.5762308588295177,9.45926699839659e-41,1.0,2.158517076463855e-41,1.1437097303543209,"{'sigma': 1.189555042216276, 'lam': -1.2840575374314491}","{'sigma': 0.19582197523423117, 'mu': -5.251664004779499e-06, 'w0': 0.7017192482405857, 'delta': 0.7017037321566528, 'psi': 0.2}",{'sigma': 0.5937597559651331},0.5718548651771602
0.74,1.9323724166633487,1.5118319631705102,0.42054045349283853,1.2154305716136613,1.4772714744131117,0.6994197738585728,0.1252028935555527,-0.46271868983647296,-0.46481554540907855,0.8038827036358734,0.17518119560544831,-1.6272478527946426,1.747031679925149e-40,1.0,4.079925367095176e-41,1.0649290525983712,"{'sigma': 1.1754078510523462, 'lam': -1.2926620305001844}","{'sigma': 0.19408822810590975, 'mu': -7.5995206072487775e-06, 'w0': 0.7037780784396536, 'delta': 0.7037556255943298, 'psi': 0.2}",{'sigma': 0.5839388735437687},0.5324645262991854
0.75,3.075886581987014,1.5032605675681534,1.5726260144188604,1.2017557364057039,1.4442168499840158,0.6878740056804735,0.10848281818796168,-0.4769107872774939,-0.43080860821667033,0.7994216466958508,0.22544158893869048,-1.569347759740271,6.764865580177596e-40,1.0,1.6596040426541711e-40,0.9781544945316673,"{'sigma': 1.1708800769429888, 'lam': -1.3128570104413693}","{'sigma': 0.19176555576389243, 'mu': -7.78159320069527e-06, 'w0': 0.7061893581561927, 'delta': 0.7061663673759135, 'psi': 0.2}",{'sigma': 0.5771579995460204},0.48907724726583346
0.76,0.4091306633443884,1.4957407233416116,-1.086610059997223,1.1805167798683396,1.3936198675507139,0.6845368764099973,0.09682705958462805,-0.49260772402271097,-0.4005410213923806,0.7892479447738161,0.22982702633034094,-1.5548058110980787,5.538187754955853e-40,1.0,1.4273902354087065e-40,0.604651727111059,"{'sigma': 1.1587091556135731, 'lam': -1.3279938149616026}","{'sigma': 0.18832672651361904, 'mu': -6.7911616592475355e-06, 'w0': 0.7085719182095004, 'delta': 0.7085518536672504, 'psi': 0.2}",{'sigma': 0.5673643121230892},0.48372138168884704
0.77,0.12816587193114198,1.4944452016579393,-1.3662793297267972,1.1600659651678193,1.3457530435407443,0.6784936385696094,0.08211770664862279,-0.5097005716861736,-0.3672663475193937,0.7762419173994232,0.22593061285823277,-1.548189236309424,2.151989467447265e-40,1.0,5.891462876631191e-41,0.6156782580077527,"{'sigma': 1.146434091701102, 'lam': -1.3447480201932425}","{'sigma': 0.18401201885756935, 'mu': -3.802855480738998e-06, 'w0': 0.7110850627359695, 'delta': 0.7110738271685817, 'psi': 0.2}",{'sigma': 0.5573458557501026},0.492542606406202
0.78,0.14683258422237438,1.4882969031636377,-1.3414643189412634,1.1384649404790461,1.296102420699958,0.6734301422747553,0.0676211515240767,-0.5265285304783512,-0.3332682321169725,0.7649438457131864,0.2270685462566531,-1.5395328021312,5.163033871905257e-41,1.0,1.521663075044578e-41,0.6219825240834597,"{'sigma': 1.1333448267910047, 'lam': -1.362837654190004}","{'sigma': 0.17885357047492434, 'mu': -7.480371086554527e-06, 'w0': 0.7136074300233709, 'delta': 0.7135853292062733, 'psi': 0.2}",{'sigma': 0.546782436923076},0.4975860192667676
0.79,2.7090816391328265,1.4821930587027468,1.2268885804300798,1.1119703712520694,1.2364781065424653,0.6665816694440175,0.04962894280079618,-0.5461613644298771,-0.29063261999136913,0.7502263488151194,0.22581497853426172,-1.5291262682143445,8.666881460867999e-42,1.0,2.8101181394242012e-42,0.6246465895870486,"{'sigma': 1.1173804042624307, 'lam': -1.3850642930890127}","{'sigma': 0.17176610473756648, 'mu': -7.998378273033069e-06, 'w0': 0.7166791157400427, 'delta': 0.7166554844665076, 'psi': 0.2}",{'sigma': 0.5341129628566071},0.49971727166963875
0.8,0.22633942249988825,1.4738607885594992,-1.247521366059611,1.0850609266581492,1.1773572145602413,0.6605674175477853,0.03344435583141301,-0.5637747968092542,-0.24986851653534886,0.7361895565553938,0.22751450229804743,-1.518406458371236,6.840884612242574e-42,1.0,2.4423394619835455e-42,0.6202070152897459,"{'sigma': 1.09948396911775, 'lam': -1.40623380941573}","{'sigma': 0.16395594390717716, 'mu': -1.2581923588328436e-05, 'w0': 0.7196364309650423, 'delta': 0.7195992575696659, 'psi': 0.2}",{'sigma': 0.5209554990422195},0.49616561223179656
0.81,0.37316176050143857,1.4625415107542634,-1.0893797502528249,1.0559539495032602,1.1150387434715339,0.6518543715301429,0.012331375256831907,-0.5847711711075987,-0.198696821365623,0.7219951396657676,0.23465629058578347,-1.5052928473125071,4.380841294605141e-40,1.0,1.7484986937757145e-40,1.219478429684021,"{'sigma': 1.0817549591529176, 'lam': -1.4338792873254314}","{'sigma': 0.15420694920853228, 'mu': -0.0004806140770503564, 'w0': 0.7230905910010224, 'delta': 0.7216706128089583, 'psi': 0.2}",{'sigma': 0.5069853565358885},0.48779137187360844
0.8200000000000001,3.0453046324366464,1.4520003992618546,1.5933042331747918,1.0238888191879174,1.0483483140580276,0.6435470536819816,-0.008520958267812101,-0.6050737058793443,-0.1462518787154305,0.7051617703921904,0.23849693630230465,-1.4913157423933143,1.5357717793235393e-37,1.0,6.788466158296317e-38,1.17942923179997,"{'sigma': 1.0610759097987812, 'lam': -1.4617836549371472}","{'sigma': 0.17571810724265502, 'mu': -0.05443820475510641, 'w0': 0.7379875850958328, 'delta': 0.5771494672408852, 'psi': 0.2}",{'sigma': 0.4918252723459195},0.47177169271998803
0.8300000000000001,0.3147430825897192,1.439516572130695,-1.1247734895409758,0.9895212589614658,0.9791523219366842,0.6338680421105762,-0.031620173039993565,-0.6264903601036772,-0.0861005362961635,0.6873961121667023,0.24551867048567252,-1.4769497171237236,4.964548919095919e-36,1.0,2.4195855578541908e-36,1.1200535437828123,"{'sigma': 1.0382317895981463, 'lam': -1.4933813658492807}","{'sigma': 0.19171590532045757, 'mu': -0.07838685961601088, 'w0': 0.7657347136196246, 'delta': 0.5341401005732314, 'psi': 0.2}",{'sigma': 0.47539878415972303},0.4480214175131249
0.8400000000000001,2.5067969457638184,1.426672720211523,1.0801242255522954,0.9523463852075507,0.9069636374178885,0.6217546107881808,-0.058130666725186166,-0.6489697917758395,-0.01798551878627822,0.6675363251409762,0.2545449331521739,-1.4620643667535422,6.275225334329182e-36,1.0,3.2864804373353205e-36,1.035675904193108,"{'sigma': 1.012584689435134, 'lam': -1.527921960779491}","{'sigma': 0.18572637229277555, 'mu': -0.0797772677494819, 'w0': 0.8016551034220427, 'delta': 0.5659525182585727, 'psi': 0.2}",{'sigma': 0.4575031973466808},0.41427036167724324
0.85,2.2436104935189007,1.4106404862527817,0.832970007266119,0.9078958583412262,0.824274889593152,0.611884589910381,-0.08675976548599458,-0.6754731796926335,0.06149462516022408,0.6436080181662193,0.2547232843902452,-1.449194370657253,8.607664697409398e-38,1.0,4.6818351403450766e-38,0.9214879234698221,"{'sigma': 0.9776172824593597, 'lam': -1.560270515996243}","{'sigma': 0.15349363541071082, 'mu': -0.051299705815838426, 'w0': 0.8349704148689988, 'delta': 0.683405017607106, 'psi': 0.2}",{'sigma': 0.43589647359112726},0.36859516938792886
0.86,0.5009188286238965,1.392620844160048,-0.8917020155361516,0.8609855335635562,0.7412960890057216,0.5981200874578483,-0.11694908622530673,-0.6992110461909262,0.14827783620081622,0.618243927643396,0.26820903519950323,-1.4260134057004112,9.036580078747897e-41,1.0,5.025832320632815e-41,0.7854558922988187,"{'sigma': 0.9407458872483317, 'lam': -1.598247567932833}","{'sigma': 0.12852555312523584, 'mu': -2.3431977105747848e-05, 'w0': 0.8501465414758933, 'delta': 0.8500773115093236, 'psi': 0.2}",{'sigma': 0.41324607245385986},0.3141823569195275
0.87,2.3355433381106425,1.3748280821659091,0.9607152559447334,0.8099585345402197,0.6560328276745403,0.5846475933725641,-0.15163966660935219,-0.7261613455283982,0.24734107664262814,0.5891401073566147,0.2736297923821496,-1.414840038652465,5.381983500730127e-40,1.0,3.0830556510713823e-40,0.634578023464201,"{'sigma': 0.8995635209706588, 'lam': -1.6405720611004457}","{'sigma': 0.12632137414323386, 'mu': -6.849796818864107e-06, 'w0': 0.8563534131100642, 'delta': 0.8563331753297592, 'psi': 0.2}",{'sigma': 0.3888004810912393},0.25383120938568043
0.88,0.5460736132843644,1.3555920561534889,-0.8095184428691244,0.7540099020056429,0.5685309323225591,0.5683660877983849,-0.18918592763671374,-0.7532927254776975,0.3624773692095664,0.55621944083151,0.2875272114724427,-1.388719877152294,1.8733128947910883e-38,1.0,1.1539951307081065e-38,0.46997667170716056,"{'sigma': 0.8541563488414206, 'lam': -1.693829229049482}","{'sigma': 0.11980454260585538, 'mu': -8.174134147331813e-06, 'w0': 0.8638238597872394, 'delta': 0.863799709241547, 'psi': 0.2}",{'sigma': 0.3620073127790988},0.18799066868286424
0.89,0.8492629194813868,1.334137442400955,-0.48487452291956834,0.68851938172081,0.47405893900520646,0.5516108509300488,-0.23319738340304547,-0.7849194612052633,0.49906936924013257,0.5160686716379853,0.29554684464014713,-1.3650806801686288,1.0119681277084197e-39,1.0,7.227492207008622e-40,0.2811692198039164,"{'sigma': 0.7976369518895301, 'lam': -1.7563621083255723}","{'sigma': 0.10702187311225697, 'mu': -7.38755322338136e-06, 'w0': 0.8725640944814239, 'delta': 0.8725422678954564, 'psi': 0.2}",{'sigma': 0.33040230602732473},0.18744614653594432
0.9,2.175568147421888,1.3158369769453118,0.8597311704765764,0.6222517129769378,0.38719719430273347,0.5286347859085883,-0.2829758191039996,-0.8140837943524256,0.6442288379279713,0.4728930324778772,0.3109756080825405,-1.344327631088935,6.069902843006732e-38,1.0,5.187616036345534e-38,0.5170933133522997,"{'sigma': 0.739815326462893, 'lam': -1.8324395208525937}","{'sigma': 0.0995472956704444, 'mu': -0.03868681281986697, 'w0': 0.8869903934935609, 'delta': 0.7726898909743187, 'psi': 0.2}",{'sigma': 0.2983718149506237},0.17236443778410002
0.91,0.6857065188401821,1.2981133206956594,-0.6124068018554774,0.5498925065898508,0.30238176880366907,0.5073334130814113,-0.3348885629341152,-0.8438142047817214,0.7875977172543162,0.42360886717327406,0.31760871053377904,-1.3366096371966831,3.0305321657094465e-36,1.0,2.948809812235499e-36,0.4183070254826606,"{'sigma': 0.6717028814827298, 'lam': -1.9120684744014804}","{'sigma': 0.1074401441722197, 'mu': -0.0788960280666855, 'w0': 0.9614688907108642, 'delta': 0.7283699353437418, 'psi': 0.2}",{'sigma': 0.26356408332769804},0.13943567516088695
0.92,1.9761927206538996,1.284170903613049,0.6920218170408505,0.4729208858440065,0.2236541642674798,0.4834948525763309,-0.3946237636660223,-0.87329286099725,0.9155556001780583,0.36827204071077396,0.3220742686452187,-1.3248389152037083,1.1677729955685419e-41,1.0,1.2010665819525337e-41,0.2826195598750663,"{'sigma': 0.5953442454640353, 'lam': -1.9991714196794073}","{'sigma': 0.07248647543481113, 'mu': -1.3752280548784412e-05, 'w0': 1.00919504934433, 'delta': 1.0091544181198135, 'psi': 0.2}",{'sigma': 0.22690171461067205},0.0942065199583555
0.93,1.8483749620805436,1.2777358711770699,0.5706390909034738,0.4013008190163204,0.16104234734316958,0.4632639489026127,-0.45081441220576424,-0.8981491216511441,0.9845868401746279,0.31407077074499756,0.31126392958141463,-1.33704421835675,5.4986986664182865e-40,1.0,6.043946619652771e-40,0.09598823591063516,"{'sigma': 0.5203734853770307, 'lam': -2.085373374849466}","{'sigma': 0.06471303462645772, 'mu': -6.669951382765049e-06, 'w0': 1.0211665409769497, 'delta': 1.0211468345514456, 'psi': 0.2}",{'sigma': 0.19287075912694573},0.054850420520362944
0.94,1.2896102498945312,1.2755943137555763,0.01401593613895491,0.3281981390303872,0.10771401846300938,0.4440841137186048,-0.5097018539234807,-0.919233490041528,0.9964917927904927,0.25729091517701624,0.2882315328580548,-1.3686133794957578,3.5495644671973218e-43,1.0,4.426423528869137e-43,0.0821094100496555,"{'sigma': 0.4373222758045635, 'lam': -2.171995097009892}","{'sigma': 0.050584530962233254, 'mu': -1.5976943615214623e-05, 'w0': 1.0336052659154062, 'delta': 1.0335580619058011, 'psi': 0.2}",{'sigma': 0.15759233992651434},0.046919662885517424
0.95,1.2566841129537638,1.279293652671848,-0.022609539718084104,0.2582771704711908,0.06670709678660457,0.4288365373510258,-0.5629743613862095,-0.9341247881188769,0.9616406822548151,0.20189113952995635,0.25832173741078246,-1.38563232568062,4.930077381103979e-38,1.0,6.784484178329174e-38,0.11244080887076072,"{'sigma': 0.3518989560834791, 'lam': -2.245083014962729}","{'sigma': 0.05098057892106356, 'mu': -0.07662728380932071, 'w0': 1.0758897475128029, 'delta': 0.8494938154707572, 'psi': 0.2}",{'sigma': 0.12384626066797175},0.0321259453916459
0.96,1.1487901587096796,1.2870119350867464,-0.13822177637706679,0.1816537412634162,0.03299808171499616,0.41614348337237184,-0.6148200247330566,-0.9440516419109933,0.8967575212827629,0.14114418755837382,0.19939296946589544,-1.424935654191521,1.5062952144752407e-40,1.0,2.1658043783126824e-40,0.05522702508323061,"{'sigma': 0.25236055845545574, 'lam': -2.3081720335020934}","{'sigma': 0.031092212368527772, 'mu': -0.047050824288584536, 'w0': 1.1511253852804078, 'delta': 1.0121133429813836, 'psi': 0.2}",{'sigma': 0.08707266957741866},0.015779150023780164
0.97,1.3834462590138878,1.2979221977156998,0.08552406129818801,0.06996172757480927,0.004894643325251827,0.4076115215959719,-0.6586279484989135,-0.9461895736309879,0.8175021558724506,0.053902913798601855,0.12071392627805175,-1.1046266291512645,9.241529479981673e-46,1.0,1.331030674759209e-45,0.007512056393318117,"{'sigma': 0.09877488988883634, 'lam': -2.355464188447843}","{'sigma': 0.01115846833591494, 'mu': -9.858800847917237e-06, 'w0': 1.1676091256402699, 'delta': 1.1675799977331351, 'psi': 0.2}",{'sigma': 0.03358307381769425},0.002146301826662318
0.98,1.3537423110351288,1.3206869825702812,0.0330553284648476,0.015832068096427315,0.0002506543802099116,0.40534064403238745,-0.6416701838050132,-0.8982746256204219,0.7025375828458783,0.011987755356257639,0.04902561978291373,0.053766554260695466,4.0636637612671305e-46,1.0,4.74375598279976e-46,0.0003206299804987318,"{'sigma': 0.02228593127240816, 'lam': -2.345583145508958}","{'sigma': 0.0028828476381599355, 'mu': -0.05070780920658735, 'w0': 1.1676679959614193, 'delta': 1.0178513620363216, 'psi': 0.2}",{'sigma': 0.00760466216136996},9.160856585678045e-05
0.99,1.3579727831628692,1.3463365477281326,0.011636235434736575,0.011441921221694172,0.00013091756124345547,0.4059121266416661,-0.6117054083107099,-0.8501763917439887,0.6056322543105906,0.00849856036826108,0.03533393154436774,0.1309534431672803,1.996147029667305e-43,1.0,1.7801469157918006e-43,0.00014398027915210075,"{'sigma': 0.01594775230382695, 'lam': -2.323142447821821}","{'sigma': 0.002644104161517946, 'mu': -0.09933602035441624, 'w0': 1.1594348845965938, 'delta': 0.8659458060922847, 'psi': 0.2}",{'sigma': 0.005483079184146622},4.1137222614885906e-05
1.0,1.3718901347130636,1.3726756394997655,-0.0007855047867018072,0.009010770032795802,8.119397658393085e-05,0.4005438124487752,-0.5849236918539288,-0.7992201803258709,0.515221404340117,0.006564384532536957,0.040239187826624216,-0.13454391755558498,2.1685435061445866e-42,1.0,1.4063035206915127e-42,7.812498234302553e-05,"{'sigma': 0.012592334085636826, 'lam': -2.3128553677940134}","{'sigma': 0.002436998276131641, 'mu': -0.13586841550040996, 'w0': 1.1494193618370494, 'delta': 0.7479950253195948, 'psi': 0.2}",{'sigma': 0.004347925058309463},2.232142352657871e-05
1.01,1.4174902406861711,1.3997359390304345,0.01775430165573666,0.008233255883450334,6.778650244236955e-05,0.40219422478674643,-0.568279710737268,-0.7776376123850414,0.488190221615906,0.005882007101368092,-0.013659605055028848,-0.21257989622678086,2.1812658963740514e-42,1.0,1.2330682184339574e-42,6.118302626806826e-05,"{'sigma': 0.01129462606949246, 'lam': -2.290419573132451}","{'sigma': 0.00225886945993925, 'mu': -0.1439839402806411, 'w0': 1.146427073805015, 'delta': 0.72102535344602, 'psi': 0.2}",{'sigma': 0.003928120246091942},1.7480864648019492e-05
1.02,1.4339152166895677,1.427445317261487,0.006469899428080739,0.007130620082504148,5.084574276101147e-05,0.4221465067645895,-0.4940888590847544,-0.723841571732293,0.3926651376601402,0.004995371835890994,0.01673799138968663,0.12553861516469436,7.859990903117737e-35,1.0,1.7415935333330707e-35,1.757722204167555e-05,"{'sigma': 0.009462303603960968, 'lam': -2.1846058531358006}","{'sigma': 0.0023811675702594126, 'mu': -0.20774710562641396, 'w0': 1.0844107247909895, 'delta': 0.4706202148158942, 'psi': 0.2}",{'sigma': 0.0034044505525149113},1.0044126880957457e-05
1.03,1.4597008866805126,1.455891867657972,0.003809019022540605,0.006354825374775946,4.038380554389624e-05,0.40754462516376483,-0.49388516768726276,-0.6802575760344431,0.31549202120986497,0.00436490220500787,-0.044268394648428466,-0.004623036315510438,3.191443401394668e-31,1.0,5.595545504331916e-32,1.2305294110054636e-05,"{'sigma': 0.008492085153498053, 'lam': -2.2099051435306496}","{'sigma': 0.002235709597367297, 'mu': -0.22990830150635144, 'w0': 1.1258383170090496, 'delta': 0.44657237391160054, 'psi': 0.2}",{'sigma': 0.0030344738671940165},7.031596634316934e-06
1.04,1.4800192346996373,1.4851211079179785,-0.005101873218341213,0.0062501064795894125,3.9063831006205555e-05,0.415401824631821,-0.461022335580092,-0.6602450954730035,0.3038574004804248,0.0042084827923642674,0.018117772392377923,0.06362360500935975,4.2694614941388256e-36,1.0,5.938971444094562e-37,1.2515484833213862e-05,"{'sigma': 0.008303229819718285, 'lam': -2.1687525657822317}","{'sigma': 0.002185564830561093, 'mu': -0.22765044966402814, 'w0': 1.08982943816949, 'delta': 0.41723433666845744, 'psi': 0.2}",{'sigma': 0.003007060797074942},7.151705618979349e-06
1.05,1.5215962800566862,1.5151100321290407,0.0064862479276455165,0.005459891845796935,2.9810418967799863e-05,0.40575018427549314,-0.44013842398384645,-0.5999763124702988,0.21102458258293594,0.0036036275352449884,0.007622961960011006,-0.0970340863670063,4.16990228705894e-31,1.0,2.3845943263453426e-32,5.0147136580936325e-06,"{'sigma': 0.007132714529812567, 'lam': -2.15126795168122}","{'sigma': 0.0021021200906712334, 'mu': -0.27907850482147234, 'w0': 1.080197608822754, 'delta': 0.25565790088816986, 'psi': 0.2}",{'sigma': 0.0026022777778106103},4.2983259926516845e-06
1.06,1.5480688123653088,1.545916889793415,0.002151922571893783,0.005185856163261457,2.6893104146036845e-05,0.41706044177771184,-0.4011165385764145,-0.5793516656620048,0.1727776121189707,0.0033545504011069887,-0.022056990541605478,-0.09373908374821964,5.414143835762753e-28,1.0,2.178720328633644e-29,4.236718063502585e-06,"{'sigma': 0.006747348821215165, 'lam': -2.1057458451998485}","{'sigma': 0.002076411561565461, 'mu': -0.2935901035108561, 'w0': 1.0609523465412807, 'delta': 0.1935380024799811, 'psi': 0.2}",{'sigma': 0.002499184947442633},3.6314726258593585e-06
1.07,1.5755728755292842,1.5776085061276508,-0.0020356305983666445,0.004794249937350317,2.2984832461783516e-05,0.39852007506176873,-0.38659281026798425,-0.5157662095328052,0.12968981736015558,0.0030389352257878264,-0.03985639155880941,-0.06087279557263061,2.5379511198366435e-24,1.0,4.7233180801739643e-26,2.8313202420252626e-06,"{'sigma': 0.006215360510537103, 'lam': -2.1091634946728}","{'sigma': 0.002005917028364168, 'mu': -0.3271715338134793, 'w0': 1.0244593538748459, 'delta': 0.057828401384805384, 'psi': 0.2}",{'sigma': 0.0023044627570802914},2.8313202420252626e-06
1.08,1.6067113547324163,1.6101481091349965,-0.0034367544025801777,0.0046041981980395955,2.119864104683106e-05,0.42641608362842975,-0.33292395856336415,-0.5249673537457545,0.12027212400879479,0.002859487324800064,-0.029379239236743057,-0.10318757570850555,1.5129449029514902e-26,1.0,2.5804061818473685e-28,4.517615821633226e-06,"{'sigma': 0.005753232465053923, 'lam': -2.000375535774869}","{'sigma': 0.001761395251238751, 'mu': -0.283946138027515, 'w0': 0.9633228827640775, 'delta': 0.12440171300888259, 'psi': 0.2}",{'sigma': 0.0022114303600225425},3.0117438810888183e-06
1.09,1.6451375282742158,1.6436240287268897,0.001513499547326047,0.004259227504507993,1.8141018935157385e-05,0.4242250814377619,-0.30152553456071407,-0.4860212341255047,0.10515694628582872,0.0025913637041928314,0.050865267104010674,0.08268422953876556,7.8235933091175635e-25,1.0,5.696255223030002e-27,2.2477267807431946e-06,"{'sigma': 0.005258386969824081, 'lam': -1.988817425807732}","{'sigma': 0.0017234838994690804, 'mu': -0.32003317218821525, 'w0': 0.9614809691448236, 'delta': 0.015940364022782205, 'psi': 0.2}",{'sigma': 0.002033809298283825},2.2477267807431946e-06
1.1,1.6790339785454125,1.6780642760265736,0.0009697025188388775,0.0040311718952794635,1.6250346849291024e-05,0.3828015705403554,-0.3373573759643215,-0.42795992727656995,0.04480986065378245,0.0024022749818989465,-0.0018418261954093024,0.026558552966294734,3.3253600995818175e-22,1.0,1.5705501660997627e-24,1.486388761224591e-06,"{'sigma': 0.005199736769643891, 'lam': -2.0930275535918774}","{'sigma': 0.001738706246112276, 'mu': -0.3558260375996549, 'w0': 1.051290917085342, 'delta': 5.540798930780966e-10, 'psi': 0.2}",{'sigma': 0.0019440597437952224},1.698730012828104e-06
1.11,1.7149201651024075,1.713505341607212,0.0014148234951956162,0.004047949989781749,1.638589911977406e-05,0.4410580626676645,-0.2568603016463179,-0.4404617412388175,0.021864865195323362,0.002362379632157027,-0.03629746943042882,-0.040799668981592395,3.87529288062775e-23,1.0,7.242418409436666e-26,1.9471520413885456e-06,"{'sigma': 0.004841844975837183, 'lam': -1.8769889488097813}","{'sigma': 0.001618493533260823, 'mu': -0.31594923324555135, 'w0': 0.9334745743737627, 'delta': 9.485523477792412e-12, 'psi': 0.2}",{'sigma': 0.0019474294478852299},1.9471520413885456e-06
1.12,1.754608261166544,1.7500147617002397,0.004593499466304163,0.003818210874017111,1.4578734278462513e-05,0.43227109692956,-0.24455621816535458,-0.42324049798869867,0.05620822388240382,0.00218181634568157,0.016945395919825454,-0.04462450329939286,3.474272611591912e-24,1.0,4.4812651989891184e-27,1.663198763124805e-06,"{'sigma': 0.0045871885171122765, 'lam': -1.9021256310497139}","{'sigma': 0.0015306705106929996, 'mu': -0.32299980428365904, 'w0': 0.9543055437580102, 'delta': 2.8133717577816242e-11, 'psi': 0.2}",{'sigma': 0.0018320357888065844},1.663198763124805e-06
1.13,1.7878043444376086,1.787598188235631,0.00020615620197750317,0.003714382643919448,1.379663842545003e-05,0.4432297521667303,-0.19233178992854327,-0.3773856209437412,-0.023055419558115894,0.0020778621695661183,-0.041660504748929204,0.20604677676472144,9.935826042066324e-17,1.0,2.794920817884229e-20,1.3650908213047482e-06,"{'sigma': 0.004295163203458158, 'lam': -1.8058530537291249}","{'sigma': 0.0013743058665669494, 'mu': -0.29712519297857476, 'w0': 0.8778587949371518, 'delta': 3.471380960462511e-10, 'psi': 0.2}",{'sigma': 0.0017796409514989663},1.6381089855656979e-06
1.14,1.824029199610063,1.8263486556710071,-0.0023194560609440806,0.0035687231933969493,1.273578523108932e-05,0.4341264950572971,-0.21128369097533778,-0.37758027659982124,-0.019876495174475005,0.00195402062732774,0.013578506318232032,0.04166140825881514,3.932008792966374e-15,0.999999999999996,1.1268837992518972e-18,1.1724906410644618e-06,"{'sigma': 0.004217493598108408, 'lam': -1.8289163370270471}","{'sigma': 0.0013755743670633702, 'mu': -0.31014433190126667, 'w0': 0.9163239467393516, 'delta': 5.184617180020723e-10, 'psi': 0.2}",{'sigma': 0.001731622939365311},1.406988769277354e-06
1.15,1.8591459845374825,1.8662836878065205,-0.007137703269038065,0.003505444958049397,1.2288144353913939e-05,0.4356294210872761,-0.19789698050439694,-0.35784183342117126,-0.05101329002821579,0.0018783022020228467,-0.10861895052097886,0.024987313341775477,3.24671540880331e-13,0.9999999999996754,4.825416838549411e-17,1.0885287450647362e-06,"{'sigma': 0.004062513361839995, 'lam': -1.806478355134477}","{'sigma': 0.0012768596501209206, 'mu': -0.2947627091843785, 'w0': 0.8708788203800385, 'delta': 3.337607301645562e-09, 'psi': 0.2}",{'sigma': 0.001683450246231873},1.3062344940776834e-06
1.16,1.9036526284943047,1.9074874407537776,-0.0038348122594729084,0.0033916508470618213,1.150329546837517e-05,0.4533633152987084,-0.15721512512227068,-0.37459124381264336,-0.017031359811267827,0.0017780725614358736,-0.03482347902966026,-0.06261585658071438,2.0800895591089216e-15,0.999999999999998,6.28554187441762e-19,1.2724482967145366e-06,"{'sigma': 0.0038657418457235027, 'lam': -1.7595719371240575}","{'sigma': 0.001272257791875342, 'mu': -0.29994117250215435, 'w0': 0.8861786290316321, 'delta': 8.028910869484207e-11, 'psi': 0.2}",{'sigma': 0.0016302111603351676},1.2724482967145366e-06
1.17,1.9524684076583128,1.949995945575025,0.002472462083287663,0.0031911740181525183,1.0183591614131688e-05,0.4597398629606671,-0.10842156394350723,-0.29253044199814743,-0.05830674096927779,0.001636502859504956,0.04625951115924301,0.22378047855780114,1.8313538007698435e-12,0.9999999999981686,6.079277131957047e-18,6.862975791333664e-07,"{'sigma': 0.0034869352038141527, 'lam': -1.6332365056221823}","{'sigma': 0.0011262123765412024, 'mu': -0.2820221870252688, 'w0': 0.8332368409637777, 'delta': 6.252776074688882e-11, 'psi': 0.2}",{'sigma': 0.001549658295722576},1.0980761266133862e-06
1.18,1.9958339155157596,1.9939082345142076,0.0019256810015519932,0.003172292287930154,1.0063438360061129e-05,0.4523501198390356,-0.08757033162085238,-0.2639624303843435,-0.11308925038147156,0.001590992025061885,0.022338429786795316,0.030443483167281987,6.840466019524899e-12,0.9999999999931595,6.116114087572135e-17,8.982293946029175e-07,"{'sigma': 0.003421698568608881, 'lam': -1.634853982256499}","{'sigma': 0.0010526685664360436, 'mu': -0.2637158355687699, 'w0': 0.7791505769319234, 'delta': 1.2005063609876743e-11, 'psi': 0.2}",{'sigma': 0.0015224376074188264},1.077875273523501e-06
1.19,2.0414559209634606,2.0392527721423868,0.0022031488210738637,0.003168860980110496,1.0041679911266854e-05,0.45605341276747857,-0.07368929288807399,-0.25654030295795544,-0.13491539606251016,0.0015539324558749106,-0.07895298354667002,-0.07439871252881775,1.8274627591279106e-10,0.9999999998172526,1.146633099485485e-15,1.1154005500737446e-06,"{'sigma': 0.0033869894629431074, 'lam': -1.5906247174744657}","{'sigma': 0.001028436020043877, 'mu': -0.25294509038834323, 'w0': 0.7473283233058889, 'delta': 4.5382875235588926e-10, 'psi': 0.2}",{'sigma': 0.0015347285192917805},1.1154005500737446e-06
1.2,2.0887204857534334,2.086133140320415,0.0025873454330183066,0.0031552203248458874,9.955415298320587e-06,0.4902785595720285,-0.04904921928287057,-0.25245460065115627,-0.09381674212710833,0.0015124731482259418,0.09537871234827834,0.06308653629921289,0.00303638691819814,0.9969636125029151,5.788869497976716e-10,7.087496435985978e-07,"{'sigma': 0.0031976249692564694, 'lam': -1.509702574928445}","{'sigma': 0.0010913686127371758, 'mu': -0.2921355489321449, 'w0': 0.8631168507898621, 'delta': 3.881472920852502e-11, 'psi': 0.2}",{'sigma': 0.0014964439443525975},9.449995247981305e-07
1.21,2.1284052128654043,2.1346251410984545,-0.006219928233050176,0.0029706415921225316,8.82471146884829e-06,0.4787995338953043,-0.05859581968477145,-0.26883523551569577,-0.08181454710950999,0.0013916454882306616,0.11002254123254139,0.2535353084565639,1.992315763616257e-11,0.9999999999800768,4.274022483675875e-17,5.760619738123539e-07,"{'sigma': 0.0030965802233187756, 'lam': -1.5546307844950884}","{'sigma': 0.0009990300482065617, 'mu': -0.2681813909808841, 'w0': 0.7923440984783163, 'delta': 1.8438439663981399e-09, 'psi': 0.2}",{'sigma': 0.0014225379633162958},9.216991580997664e-07
1.22,2.1803670049840167,2.1847925851231738,-0.004425580139157059,0.0028345776154648965,8.03483025809466e-06,0.4703210019353984,-0.030853810637832855,-0.1977934971078692,-0.13793321065466096,0.0012974127208301533,-0.027733783418979096,0.16430477355756062,5.919120225729028e-06,0.9999940808793633,4.111073608832101e-13,4.984384080720046e-07,"{'sigma': 0.00288124862498139, 'lam': -1.515537528227411}","{'sigma': 0.0008999865101413373, 'mu': -0.25819689908682397, 'w0': 0.7628448343136377, 'delta': 2.998667980591563e-11, 'psi': 0.2}",{'sigma': 0.0013511163989376647},7.975014529152075e-07
1.23,2.2359226900631675,2.2367268302835774,-0.0008041402204099768,0.0028842993283508616,8.319182615525232e-06,0.5140238978845875,0.009884754210671842,-0.23260110704518788,-0.15185205888760386,0.0012895179515238677,-0.056248178021504974,-0.044588735679568274,1.5268687920612607e-08,0.9999999847313077,4.412005242009874e-15,6.074322002272741e-07,"{'sigma': 0.0028176089635234126, 'lam': -1.4100889536441035}","{'sigma': 0.0008948445575673869, 'mu': -0.24031464758332843, 'w0': 0.7100115771291928, 'delta': 7.306355520597663e-11, 'psi': 0.2}",{'sigma': 0.0013771484697874766},9.111483003409111e-07
1.24,2.289695139281278,2.2905436222780375,-0.0008484829967594365,0.002869413093867999,8.23353150326112e-06,0.49399622728915643,-0.021278703522585204,-0.21428219379681682,-0.1180759535499743,0.0012527213663246677,0.00753879057665118,0.1749296504713871,2.49254833044272e-05,0.999975074515518,1.1774418839896823e-12,5.582877769455295e-07,"{'sigma': 0.002889410489455363, 'lam': -1.461986331786825}","{'sigma': 0.0009093420057550983, 'mu': -0.25160400571126185, 'w0': 0.7433660774194996, 'delta': 1.322262299652266e-10, 'psi': 0.2}",{'sigma': 0.0013823775245540024},8.374316654182942e-07
1.25,2.348703505904419,2.3463333383321876,0.0023701675722311855,0.0028579588498729006,8.167928787566833e-06,0.49244885163189595,0.0014918299132268727,-0.20002309865081827,-0.09687325277943432,0.0012180531862852428,0.04107828527134972,0.18583131890190407,7.360290293180877e-07,0.999999263970947,2.37980719559851e-14,5.665384272244018e-07,"{'sigma': 0.002848878978439683, 'lam': -1.431200683930216}","{'sigma': 0.0009245519003413527, 'mu': -0.2550764179584597, 'w0': 0.753625347500228, 'delta': 4.105604745063829e-11, 'psi': 0.2}",{'sigma': 0.0013828247232233323},8.498076408366028e-07
1.26,2.4039934059215318,2.404192378874925,-0.00019897295339310617,0.0027391919840253536,7.503172725348753e-06,0.5116665692592085,0.035596882849245476,-0.18292372424204772,-0.14107648693734437,0.0011393397689127215,-0.0658725871549525,0.22048928225971742,0.023511773987026512,0.9764882251307061,8.822672117156496e-10,6.542141365496535e-07,"{'sigma': 0.0025934749362186765, 'lam': -1.3426740082496569}","{'sigma': 0.0007784813969364812, 'mu': -0.21982244085364466, 'w0': 0.6494671876531083, 'delta': 1.7267702823176023e-09, 'psi': 0.2}",{'sigma': 0.0013127153327881303},8.722855153995381e-07
1.27,2.4594200817517726,2.4642818265636683,-0.0048617448118957185,0.002638486499030475,6.961611005566094e-06,0.5098737171805212,0.05253485062773727,-0.13716082217364303,-0.11406380845466231,0.001070691864810651,-0.043444432194121606,-0.30102313472503706,0.9989016397787527,0.001098360156679358,6.456806042804237e-11,5.693330811844426e-07,"{'sigma': 0.0024425572778005713, 'lam': -1.2968001264163571}","{'sigma': 0.0007512259992725756, 'mu': -0.22613263063028222, 'w0': 0.6681106929298718, 'delta': 8.504530413233624e-11, 'psi': 0.2}",{'sigma': 0.0012678422897305882},7.591107749125903e-07
1.28,2.5286283981471662,2.5266904333421962,0.0019379648049699938,0.0027057708032928803,7.321195639952198e-06,0.5201351004350365,0.05939500672821175,-0.12571636562791752,-0.13550549597562903,0.0010708755091553654,0.010902565355168262,-0.069929083321649,0.5064320487015728,0.4935679511641806,1.3424670662462967e-10,5.214945012754581e-07,"{'sigma': 0.0025080650759808885, 'lam': -1.2902366978438655}","{'sigma': 0.0008202380984840829, 'mu': -0.23948110529584477, 'w0': 0.7075488696175588, 'delta': 1.6138645975161126e-11, 'psi': 0.2}",{'sigma': 0.0013024431158204222},6.953260017006109e-07
1.29,2.5903018559437854,2.591589721832035,-0.0012878658882495841,0.0027611983728033193,7.6242164539716985e-06,0.5511077727267352,0.10517299355076544,-0.08943323697395485,-0.13873803838435186,0.0010654458742092939,-0.017497110309804643,0.023768513264377577,0.9999367096674113,6.329032998740274e-05,2.601362032033363e-12,3.9931906966348426e-07,"{'sigma': 0.0024356914616222736, 'lam': -1.19197953096666}","{'sigma': 0.0007790817992527899, 'mu': -0.2203759242836174, 'w0': 0.6511024581444058, 'delta': 9.312723925347655e-10, 'psi': 0.2}",{'sigma': 0.0013301777004508387},7.986381393269685e-07
1.3,2.6576206782488043,2.6590856559707756,-0.0014649777219712945,0.002562806582373352,6.567977578656181e-06,0.5087996372918469,0.0805505292344297,-0.12351781057626775,-0.12157720430240544,0.0009637923667974131,0.024132127623985578,-0.21143555764371394,0.5877320361430677,0.41226796340156147,4.5537088123482064e-10,5.402199465358629e-07,"{'sigma': 0.00238133930566818, 'lam': -1.3042669327755014}","{'sigma': 0.0007159747590597121, 'mu': -0.2169186531184295, 'w0': 0.6408879248790548, 'delta': 3.38811267930339e-09, 'psi': 0.2}",{'sigma': 0.001232212789470666},7.202932620478173e-07
1.31,2.7291825024341447,2.7293753624628074,-0.00019286002866270024,0.0025319162415713245,6.410599854332661e-06,0.5136440857042103,0.0628056745207206,-0.11427569018743725,-0.10532173892561145,0.0009276541440120565,0.046054771207830046,0.040802773201120454,0.9995784061043722,0.00042159388875689734,6.870856430958385e-12,3.128237350246166e-07,"{'sigma': 0.0023099690970487573, 'lam': -1.2729295298882348}","{'sigma': 0.0007474791796227009, 'mu': -0.23751619979879135, 'w0': 0.7017435416845016, 'delta': 1.3243852681199542e-09, 'psi': 0.2}",{'sigma': 0.0012126434660244439},6.256474700492332e-07
1.32,2.8002193641029254,2.802637993291451,-0.002418629188525756,0.002601442019539623,6.767500581026393e-06,0.5420788478996899,0.12759241977147695,-0.06323777598301043,-0.06666002797446105,0.0009282119606015635,-0.12198252705103735,0.15474640519878538,0.9999973093518123,2.690648053771544e-06,1.337956575460681e-13,3.3089572874852444e-07,"{'sigma': 0.0022472469034875114, 'lam': -1.1618530949916117}","{'sigma': 0.0007725395406799063, 'mu': -0.2374123687034233, 'w0': 0.7014367705690864, 'delta': 2.3091306644573706e-11, 'psi': 0.2}",{'sigma': 0.0012523395908714168},6.617914574970489e-07
1.33,2.881086763783584,2.8790278816074455,0.002058882176138699,0.0025382591978126024,6.442759755280277e-06,0.5430819681530772,0.10294098113039707,-0.08877439104843089,-0.04141828408634023,0.0008816376250411757,0.040230103043980774,-0.0885929723576868,0.9999999999921703,7.829590529117701e-12,2.61890257492954e-16,3.165649227521682e-07,"{'sigma': 0.002160714006187971, 'lam': -1.1327885486176852}","{'sigma': 0.0007490689943894235, 'mu': -0.24234325383749633, 'w0': 0.7160051109679897, 'delta': 2.665663245693395e-10, 'psi': 0.2}",{'sigma': 0.0012220696026206393},6.331298455043364e-07
1.34,2.9611106732009826,2.958783213584468,0.0023274596165148154,0.0024466450891212493,5.986072192121126e-06,0.5329646875828187,0.11243138444770298,-0.0576573864967599,-0.11777546542477742,0.0008269092066277691,0.12087962720264907,0.17643067978685661,0.9999998319459216,1.680539958602824e-07,8.25107687229125e-14,2.8272019194567193e-07,"{'sigma': 0.0021311191827778513, 'lam': -1.1969107599170332}","{'sigma': 0.0006601686039477972, 'mu': -0.21491970237650837, 'w0': 0.6349820066855646, 'delta': 1.3882528460129606e-09, 'psi': 0.2}",{'sigma': 0.001166829134317563},5.654403838913439e-07
1.35,3.0395768684279414,3.042147994724286,-0.0025711262963445947,0.002493859054856068,6.219332985487599e-06,0.5604244865963898,0.17917608245825759,0.011724986747661523,-0.13929721561670239,0.0008197690751760219,0.0012203931116655494,-0.052326643732680464,0.9999999974093647,2.590634305319209e-09,7.887604437283e-16,3.4256723633014613e-07,"{'sigma': 0.0019607339222237384, 'lam': -1.0107529252201966}","{'sigma': 0.0005977668589858265, 'mu': -0.17829263483393953, 'w0': 0.5267670376104249, 'delta': 6.904496974158292e-10, 'psi': 0.2}",{'sigma': 0.0011971238996619467},6.851344726602923e-07
1.36,3.1292689592526703,3.129310267788634,-4.130853596384654e-05,0.0024324348066008814,5.916739088363467e-06,0.5492586346922622,0.15108903595464732,-0.017811607177760393,-0.10755468610899988,0.0007773070123071445,-0.06483595209075813,-0.12744221656713953,0.999998577688277,1.4223114878917796e-06,2.349700736243936e-13,3.183581572765998e-07,"{'sigma': 0.0020487729058765156, 'lam': -1.1154510614028132}","{'sigma': 0.0006010412688279843, 'mu': -0.18475357288986793, 'w0': 0.5458559309250757, 'delta': 7.173750482536434e-11, 'psi': 0.2}",{'sigma': 0.0011714430742913733},6.367163145531996e-07
1.37,3.220941610119341,3.2206037954070745,0.0003378147122665709,0.002326993794271998,5.414900118580389e-06,0.5197777520970773,0.13924113612443698,0.03517876578280283,-0.03845508666336449,0.000722533370963382,-0.040698303539182135,0.20760145471115743,0.9999999999999996,4.78193923233792e-16,6.853901162327014e-18,2.582155747492453e-07,"{'sigma': 0.001899305650556481, 'lam': -1.1003362971150477}","{'sigma': 0.0005246237188603065, 'mu': -0.17893505678835853, 'w0': 0.5286650779463341, 'delta': 1.4712231433122724e-10, 'psi': 0.2}",{'sigma': 0.0011082660210629692},5.164311494984906e-07
1.38,3.3182635386558395,3.3162682096848783,0.0019953289709611077,0.002357829719141186,5.559360984465404e-06,0.543079826515306,0.17205209716848308,0.04716901973845928,-0.02977640778416441,0.0007109888347699689,0.06008615756247635,-0.03674600014264448,0.9999999999999982,1.8656521345526057e-15,4.874559109853761e-18,2.837495556849792e-07,"{'sigma': 0.0018577481777567553, 'lam': -1.0471155418717912}","{'sigma': 0.0005158389524653195, 'mu': -0.17123248747207342, 'w0': 0.5059077749518046, 'delta': 7.237095367429447e-10, 'psi': 0.2}",{'sigma': 0.001115547627932382},5.674991113699584e-07
1.39,3.4174928667991797,3.416677124206986,0.0008157425921937467,0.002392863796550141,5.725797148840354e-06,0.559714983821565,0.16280602881841116,-0.026022018504586193,-0.04300030218614858,0.0007003482188605126,-0.053312861975481664,-0.02247786538042524,0.9999999958640535,4.135932903195449e-09,1.3522067651869828e-14,2.9757103501505403e-07,"{'sigma': 0.0019988871056753304, 'lam': -1.120125093786795}","{'sigma': 0.0006813467104904714, 'mu': -0.23089489986403988, 'w0': 0.6821808559601737, 'delta': 6.1521898686578425e-12, 'psi': 0.2}",{'sigma': 0.0011398513189613488},5.951420700301081e-07
1.4,3.5235391838970216,3.5221256891586687,0.0014134947383528385,0.0023428442157538048,5.48891901929106e-06,0.5753990522362632,0.2385469900842454,0.08122867816879867,-0.03524033966153667,0.000665179088467857,0.026149128338696714,-0.07228953884377858,0.9999999998140023,1.8599736750413088e-10,1.1203907018595526e-16,2.738902496299865e-07,"{'sigma': 0.001781942567852116, 'lam': -1.011855097000124}","{'sigma': 0.0005410351983408113, 'mu': -0.1782115000817257, 'w0': 0.5265273237316541, 'delta': 9.57118828637249e-11, 'psi': 0.2}",{'sigma': 0.0010899508672583714},5.47780499259973e-07
1.41,3.630172042101409,3.633129434064834,-0.002957391963425149,0.002451233936270817,6.0085478103257246e-06,0.5818245547188955,0.21566201681446265,0.04025363384183694,-0.04134493528891567,0.0006746894563271327,-0.0028037364734472985,-0.04284369126317439,0.9999999999907991,9.200931669457654e-12,3.3146090406286873e-17,3.153854356260096e-07,"{'sigma': 0.0018773399141706517, 'lam': -0.9978727613750298}","{'sigma': 0.0005753988454142434, 'mu': -0.17985044758991453, 'w0': 0.5313696083478238, 'delta': 9.946650170178373e-10, 'psi': 0.2}",{'sigma': 0.0011531556585184315},6.307708712520192e-07
1.42,3.750400153278088,3.7500814271196585,0.00031872615842942764,0.0023662830628278157,5.599295533425789e-06,0.5729570051844614,0.22316929801226895,0.10806236090566845,0.00041792763203493677,0.0006309950012514319,0.03545235880734331,0.08089260003188951,1.0,1.3729999520344239e-18,6.685414922904548e-21,2.9618441763380196e-07,"{'sigma': 0.0017504951861584913, 'lam': -0.9543697123338029}","{'sigma': 0.0005306220196810152, 'mu': -0.17720438922232495, 'w0': 0.5235518065502434, 'delta': 1.236943880655872e-10, 'psi': 0.2}",{'sigma': 0.0011160998278536623},5.923688352676039e-07
1.43,3.8341175565235055,3.832724024779729,0.0013935317437763217,0.001573009325575665,2.474358338348008e-06,0.5954136414431347,0.34857851995547506,0.2862936926889654,0.23194803324734817,0.00041041606353106093,-1.2527976001112606,1.7365880098823234,1.0,9.442789540155932e-17,7.564446239578169e-17,7.697959028410079e-08,"{'sigma': 0.0011726792976832785, 'lam': -1.2685881846923426}","{'sigma': 0.00029242204961388296, 'mu': -0.18052746311615842, 'w0': 0.5333698552454754, 'delta': 2.4307666990353027e-11, 'psi': 0.2}",{'sigma': 0.0006304657678338537},1.5395918056820159e-07
1.44,3.8321729548994137,3.8312193414146036,0.0009536134848100453,0.0011072372670801118,1.225974365611035e-06,0.3819014039681399,0.0738930317180415,0.0006964478067185648,-0.016642693091611274,0.0002890039013543973,-0.941655701620851,1.1357136562968664,0.9999999999999847,1.8219145056129947e-15,1.346242376004291e-14,4.150355857324053e-08,"{'sigma': 0.0011468976665945094, 'lam': -1.6504174722725096}","{'sigma': 3.3211598447428186, 'mu': -31.91807707969685, 'w0': 6403.631127826704, 'delta': 6309.328909997486, 'psi': 0.2}",{'sigma': 0.0005186107105451113},8.300711714648106e-08
1.45,3.8298012797462286,3.829065543441298,0.0007357363049305121,0.0011640140051298936,1.3549286041385358e-06,0.4184785837004769,0.11532235513408347,0.033112747485551715,-0.014500065827568454,0.00030399426275553367,-0.9729216885485485,1.0808310822448266,1.0,1.1515178708679864e-17,8.508766483725815e-17,5.5740034893806e-08,"{'sigma': 0.0010879600059388202, 'lam': -1.4128363090028353}","{'sigma': 3.1292364731396827, 'mu': -23.06121379456452, 'w0': 5727.022408826649, 'delta': 5658.88786546957, 'psi': 0.2}",{'sigma': 0.0005463710434059314},1.11480069787612e-07
1.46,3.82550582526533,3.82708067036859,-0.001574845103260003,0.0011341828016924447,1.2863706276549235e-06,0.38664429265351236,0.07759578752355298,-0.01467061832260215,-0.01917086968883355,0.0002963572206090059,-1.0962001083113162,1.5391613107024982,0.9999999999999984,1.744610101336008e-16,1.2891241470575015e-15,4.589495602943988e-08,"{'sigma': 0.0011394386388096482, 'lam': -1.5808718947362908}","{'sigma': 3.0786654941976552, 'mu': -52.45557389342901, 'w0': 5802.881625907112, 'delta': 5647.9012070271365, 'psi': 0.2}",{'sigma': 0.0005304991237010189},9.178991205887976e-08
1.47,3.8234630081119816,3.825006535050517,-0.0015435269385353223,0.001092727573548906,1.1940535499940797e-06,0.36460125766500645,0.12236770265250674,0.07738059235845522,-0.012547634425338534,0.0002856798976866889,-0.9901431921857184,1.4430233275033892,0.9999999999999838,1.9279049431701428e-15,1.4245583519597734e-14,4.706853386572238e-08,"{'sigma': 0.0010783167202985916, 'lam': -1.5532952112809213}","{'sigma': 3.4156039857827922, 'mu': -10.59620145914061, 'w0': 6670.389929478747, 'delta': 6639.0833662523, 'psi': 0.2}",{'sigma': 0.000512031887757337},9.413706773144476e-08
1.48,3.822466426335165,3.822870567677391,-0.0004041413422259943,0.0011173977902611465,1.248577821680493e-06,0.38633131279903093,0.0876736369310114,0.01973993376616631,0.00613940792045143,0.0002922928895599122,-1.0068666306796232,1.2990859736940612,0.9999999999999929,8.547038279201322e-16,6.315557955232073e-15,4.762904807154487e-08,"{'sigma': 0.0011319313213032389, 'lam': -1.5791425481043975}","{'sigma': 3.0975894402001467, 'mu': -224.12217271186987, 'w0': 5866.22158603364, 'delta': 5204.050807428797, 'psi': 0.2}",{'sigma': 0.0005276375115273209},9.525809614308973e-08
1.49,3.8186803850243467,3.8206754602206754,-0.0019950751963286883,0.0011389872370446616,1.2972919261506323e-06,0.40290844932852476,0.11390645464393094,0.01679472019211895,-0.012987470493288673,0.0002981114576034837,-1.08289287151197,1.7871910088415839,0.9999999999999949,6.146196329033497e-16,4.541553282367346e-15,4.7159383578435814e-08,"{'sigma': 0.0010880005938752441, 'lam': -1.4717302353883135}","{'sigma': 2.663480798066129, 'mu': -21.93163875292016, 'w0': 4993.06585899623, 'delta': 4928.268654269095, 'psi': 0.2}",{'sigma': 0.0005334205529703335},9.431876715687163e-08
1.5,3.816879714066893,3.818553038392832,-0.0016733243259392516,0.001128917814323321,1.2744554314965443e-06,0.3821466673638084,0.08955529692467305,0.03671753136069342,-0.009821525966406104,0.0002956402199156895,-1.0052586084945656,1.1448670016637619,1.0,6.01710524735039e-18,4.4461527031680954e-17,4.7991371646015735e-08,"{'sigma': 0.001107551213482933, 'lam': -1.5417479596526675}","{'sigma': 3.017220326686771, 'mu': -8.162423033158484, 'w0': 5736.457171014305, 'delta': 5712.3412259037905, 'psi': 0.2}",{'sigma': 0.0005259526299038377},9.598274329203147e-08
1.51,3.8158512558386786,3.8163251500884514,-0.0004738942497728438,0.001134886072222938,1.2879663969256078e-06,0.3836781308840804,0.07470358165824875,-0.030548872408519105,-0.018491461283318533,0.0002973766221654027,-1.0909682673169925,1.7341763364137788,0.9999999999999418,9.459815100078077e-15,4.868252356721925e-14,4.750723312006386e-08,"{'sigma': 0.0011593039857556125, 'lam': -1.6217230467330377}","{'sigma': 0.00034787385576651175, 'mu': -0.29154281573375584, 'w0': 0.8613656159808035, 'delta': 2.7595037366268116e-10, 'psi': 0.2}",{'sigma': 0.0005300913868457332},9.501446624012772e-08
1.52,3.8143210780154218,3.814148880835931,0.00017219717949057411,0.0011133743291768165,1.239602396869926e-06,0.3834957460882362,0.08374957147453135,0.007125479638736929,0.0007967250784487031,0.00029190639859251146,-1.0574512843624058,1.3761375157407723,0.9999999999999996,5.57837949346635e-17,4.1219583037817897e-16,4.098660059554316e-08,"{'sigma': 0.0011211978929003413, 'lam': -1.5879236592385806}","{'sigma': 3.2575618525227954, 'mu': -47.52949437726412, 'w0': 6248.927293847465, 'delta': 6108.501016885799, 'psi': 0.2}",{'sigma': 0.0005212641680444414},8.197320119108632e-08
1.53,3.8112676645428634,3.811862038493618,-0.0005943739507547896,0.0011187774242183335,1.251662924940609e-06,0.40683609352611977,0.11336629760715572,0.01964995043848582,0.035658375300467886,0.000293498912854606,-1.044645658772844,1.5458745816621655,1.0,6.129292598016329e-18,4.5290409627298596e-17,4.1495622744067915e-08,"{'sigma': 0.001090666048966999, 'lam': -1.5272138363028336}","{'sigma': 3.1232713764902877, 'mu': -140.4944579159337, 'w0': 5998.7005476773, 'delta': 5583.608531290954, 'psi': 0.2}",{'sigma': 0.0005204953667090061},8.299124548813583e-08
1.54,3.8097635809687698,3.8096662074811487,9.737348762106635e-05,0.0010844582919460714,1.1760497869705905e-06,0.3365136127197404,0.08359613300245694,0.02363165988465425,-0.0282127330460154,0.000284659643870773,-1.0251030796050693,1.2720340554341176,0.9999999999995888,4.902334898709316e-14,3.622419965896151e-13,4.051337583378535e-08,"{'sigma': 0.0011754272983800032, 'lam': -1.7844241332921755}","{'sigma': 3.2643304438500182, 'mu': -437.25165652637065, 'w0': 6435.964710729838, 'delta': 5144.101142101361, 'psi': 0.2}",{'sigma': 0.0005060081031461817},8.10267516675707e-08
1.55,3.8059305948304867,3.807374487520523,-0.001443892690036197,0.0010526699180721246,1.1081139564139734e-06,0.33800703853800257,0.05175685678661428,-0.023321720721892966,0.028298595191442812,0.0002764818437763479,-1.1605232299244719,2.3040298198570324,0.9999999999999689,3.694825518457476e-15,2.7301581071382888e-14,3.870157823680943e-08,"{'sigma': 0.0011313820950723402, 'lam': -1.7252878614704725}","{'sigma': 3.7250054823308822, 'mu': -126.5267268785635, 'w0': 7490.4022048998295, 'delta': 7116.57796324744, 'psi': 0.2}",{'sigma': 0.0004972140114004862},7.740315647361886e-08
1.56,3.8045953857173767,3.805063177902094,-0.00046779218471737494,0.0010393956303395128,1.080343276368873e-06,0.3344550551610545,0.0788872613482081,0.013325029242943716,0.011806131241811952,0.0002731611868538307,-1.0894621092875945,1.5876613040413188,0.9999999999999996,5.634925950223929e-17,4.163737072379394e-16,3.800953642680471e-08,"{'sigma': 0.0011378911054554944, 'lam': -1.7622340385216015}","{'sigma': 3.4204972205241493, 'mu': -550.9068844339572, 'w0': 6901.903162199276, 'delta': 5274.244300113467, 'psi': 0.2}",{'sigma': 0.0004939991835507324},7.601907285360941e-08
1.57,3.8015125452560814,3.8027120028396997,-0.0011994575836182797,0.0010720031490800773,1.1491907516376023e-06,0.3275210031116245,0.09279857166469724,0.03529841281644277,0.025902051762141907,0.00028190492431571796,-1.253177269908452,2.5601886706888783,0.9999999999999754,2.9356641103619752e-15,2.169209026047493e-14,4.0077464850706805e-08,"{'sigma': 0.0011668088786353319, 'lam': -1.7641780309912238}","{'sigma': 3.496912524394628, 'mu': -72.6287314649402, 'w0': 6896.183955532803, 'delta': 6681.601778850762, 'psi': 0.2}",{'sigma': 0.0005070310594608153},8.015492970141361e-08
1.58,3.798558817746568,3.800366814298433,-0.001807996551864921,0.001036544109930459,1.0744236918315273e-06,0.33348298666922727,0.08712355455337038,0.03256245433975246,-0.014905683998402409,0.000272748432251912,-0.9888707251687371,1.1678498777024384,0.9999999999999996,6.024737586512396e-17,4.451772914584781e-16,4.029867949775828e-08,"{'sigma': 0.0011313266725052331, 'lam': -1.7712729144689165}","{'sigma': 3.5039881881895285, 'mu': -291.3113259072713, 'w0': 7151.581116324128, 'delta': 6290.899439190758, 'psi': 0.2}",{'sigma': 0.0004895368732024577},8.059735899551656e-08
1.59,3.796995532187517,3.7980188367080085,-0.001023304520491486,0.001020875045354649,1.0421858582278564e-06,0.35111952109409433,0.0851233821562129,0.024459199868817123,-0.01870479776587864,0.000268791457298637,-1.0227882788029437,1.4981838333140212,1.0,2.690275515878358e-19,1.98789279421172e-18,3.5840536919887145e-08,"{'sigma': 0.0010963198083759295, 'lam': -1.7269056923108097}","{'sigma': 3.125175785997987, 'mu': -52.033637924636764, 'w0': 6478.976807736789, 'delta': 6325.243002101705, 'psi': 0.2}",{'sigma': 0.0004823225370510474},7.168107383977429e-08
