Delta,State variable,Smoothing,Residuals,Standard deviation,Variance,Lag-1 AC,Lag-2 AC,Lag-4 AC,Coefficient of variation,Skewness,Kurtosis,AIC fold,AIC hopf,AIC null,Coherence factor,Params fold,Params hopf,Params null,Smax
0.01,0.23066417586429358,0.10021281013669618,0.1304513657275974,0.1062752443310425,0.01129442755762278,0.9971738393758155,0.9910058304150813,0.9697923862642949,1.0701486375958797,0.41152700674602627,-1.3362395712160742,7.825875600223135e-23,1.0,2.6154237501437215e-34,0.0003374910601684908,"{'sigma': 0.015672197907379906, 'lam': -0.26407829726328824}","{'sigma': 0.006800904760929205, 'mu': -0.0654697008252656, 'w0': 0.19343076449530178, 'delta': 1.9521175786962885e-09, 'psi': 0.2}",{'sigma': 0.018068724548114146},0.0006749821203369816
0.02,0.21857742746539946,0.20092076196782216,0.0176566654975773,0.013734450688877516,0.00018863513572520808,0.9739271985241756,0.9046511299590841,0.6755832658639547,0.06835746606789636,0.2718272966392675,0.4809385287944249,1.3786623752399079e-33,1.0,8.235044431339485e-45,4.111319960135468e-05,"{'sigma': 0.00606624660515759, 'lam': -0.2967688308681491}","{'sigma': 0.002678436060161715, 'mu': -0.06975600001492865, 'w0': 0.206094670274248, 'delta': 1.980866803918957e-09, 'psi': 0.2}",{'sigma': 0.006596000806846675},8.222639920270936e-05
0.03,0.1933796534764379,0.20621703614767437,-0.012837382671236464,0.009362486715180304,8.765615749192768e-05,0.9571620926795231,0.8501355112292062,0.5287125351829561,0.045401218542960496,0.07957638585211621,-0.19426594305041994,1.3222714728292849e-36,1.0,3.487556099471189e-49,1.660750360845144e-05,"{'sigma': 0.004515174591233415, 'lam': -0.33427521899706836}","{'sigma': 0.0019767644530206407, 'mu': -0.07521773320531677, 'w0': 0.22223140460822083, 'delta': 1.2678316174685733e-09, 'psi': 0.2}",{'sigma': 0.004658864140259527},3.321500721690288e-05
0.04,0.20848073854028604,0.21156475580782808,-0.0030840172675420385,0.006048662909084876,3.658632298773911e-05,0.9257438512715281,0.7557998202408115,0.3355207727011513,0.028590139643487326,0.04707607716291532,-0.10566664654572096,1.2739545676243687e-24,1.0,2.1086806715055296e-37,5.109974991002011e-06,"{'sigma': 0.0031756421864734224, 'lam': -0.4110861399824013}","{'sigma': 0.00123901150182526, 'mu': -0.08022628903876905, 'w0': 0.23702922406812582, 'delta': 1.860494869276863e-09, 'psi': 0.2}",{'sigma': 0.0029776045267317338},1.0219949982004021e-05
0.05,0.2141290691973957,0.21705096679402486,-0.0029218975966291694,0.004961282809734259,2.4614327118164663e-05,0.8980335545979473,0.6815153615282946,0.22328884686247064,0.02285768971594489,-0.07172479611030311,-0.13416853601603704,0.00028514762153919145,0.9997148523784608,9.735177280810355e-17,3.1553414510091706e-06,"{'sigma': 0.002782975027680754, 'lam': -0.4809542788993171}","{'sigma': 0.0011046439871138514, 'mu': -0.11437872194388543, 'w0': 0.33793286281871343, 'delta': 3.5812131038426287e-10, 'psi': 0.2}",{'sigma': 0.002420401709972144},6.310682902018341e-06
0.060000000000000005,0.22678511929804784,0.2226306245586061,0.004154494739441739,0.004396451650847321,1.9328787118238134e-05,0.8741426667089941,0.6207392815542226,0.15741422095004795,0.019747788424358405,0.054752480346949815,-0.0994793495378741,3.16841579148751e-08,0.9999999683158421,1.2204994387645624e-19,2.5071963825414223e-06,"{'sigma': 0.0025414903885973253, 'lam': -0.5162787893004408}","{'sigma': 0.000979392779649757, 'mu': -0.11521541075378083, 'w0': 0.34040486663251524, 'delta': 2.912063923332653e-10, 'psi': 0.2}",{'sigma': 0.0021389608637414877},5.014392765082845e-06
0.06999999999999999,0.22882577453404152,0.22827590511367118,0.0005498694203703303,0.003999750669867348,1.59980054211043e-05,0.8252819748977123,0.4841730508466725,-0.038297272626623004,0.017521577001442162,-0.020112399698356088,-0.12942962490820573,7.061889099416438e-10,0.9999999992938111,3.89984924112839e-21,1.7262649505795652e-06,"{'sigma': 0.0026182004311776897, 'lam': -0.6607187234973546}","{'sigma': 0.000916672934812679, 'mu': -0.12550942346635763, 'w0': 0.3708186106111663, 'delta': 1.4817147508949802e-10, 'psi': 0.2}",{'sigma': 0.001938111036180241},3.4525299011591303e-06
0.08,0.23291967230635305,0.23397468958929657,-0.0010550172829435212,0.0038426850332712974,1.4766228264927233e-05,0.803676094771191,0.4354314894147285,-0.0380122201052272,0.01642350063225986,-0.054224029597806506,-0.14210219202199575,0.04550835230552402,0.9544916476944746,1.4116822599526858e-15,1.3653184371170777e-06,"{'sigma': 0.002523523398053078, 'lam': -0.6761474968300538}","{'sigma': 0.0008542332338856706, 'mu': -0.12732316782812125, 'w0': 0.3761773351237912, 'delta': 2.2207673477936396e-09, 'psi': 0.2}",{'sigma': 0.0018613305665499003},2.7306368742341554e-06
0.09,0.24183207281165944,0.23975495455974244,0.002077118251917004,0.003544386331039601,1.2562674463660365e-05,0.7252979394452372,0.23075822331648732,-0.19192070015374704,0.01478337947296372,0.13057007872074752,0.15162390980101487,0.9986260785550953,0.0013739214435490809,1.3553840621452168e-12,8.836796757971092e-07,"{'sigma': 0.0027944517245315622, 'lam': -0.9314090101151233}","{'sigma': 0.0009566457730159073, 'mu': -0.18637678628236265, 'w0': 0.550651728035374, 'delta': 3.736033704626607e-11, 'psi': 0.2}",{'sigma': 0.0017203239384283194},1.7673593515942184e-06
0.09999999999999999,0.24390422463570044,0.24557962297511132,-0.001675398339410883,0.003352276217156787,1.1237755836115016e-05,0.6605126856378796,0.05765135010709573,-0.2518788432711515,0.013650467907561808,0.007829076955317352,0.07763611509738079,0.002816728824178394,0.9971832711574199,1.8401767342976684e-11,8.925478977786358e-07,"{'sigma': 0.0029994840723995557, 'lam': -1.1844219681087134}","{'sigma': 0.0012143947942298006, 'mu': -0.28549516363166494, 'w0': 0.843497778536277, 'delta': 5.929612356680991e-11, 'psi': 0.2}",{'sigma': 0.0015997576432435323},1.1900638637048478e-06
0.11,0.24967018843247998,0.25150806453488644,-0.0018378761024064605,0.0036713723870747577,1.3478975204575005e-05,0.6320362410092563,-0.030820757782946222,-0.31366359092368157,0.014597427274918721,-0.08810174988740889,-0.07831521910050748,1.5526305145449738e-12,0.9999999999984475,1.1745479373244518e-17,1.000440079238574e-06,"{'sigma': 0.0036082881524933663, 'lam': -1.3578821643338055}","{'sigma': 0.0014703584563058314, 'mu': -0.30763899051477717, 'w0': 0.9089219815737141, 'delta': 8.681649377173528e-08, 'psi': 0.2}",{'sigma': 0.0017656153350542815},1.6674001320642902e-06
0.12,0.2590619900243111,0.25747703194711613,0.0015849580771949423,0.003903782101889749,1.5239514699034745e-05,0.5991287766015336,-0.1180648801045775,-0.3298665186258158,0.0151616646817754,-0.0357710224895224,-0.34720375706150014,2.778304510953734e-17,1.0,4.2009695360243284e-21,1.5275563781306838e-06,"{'sigma': 0.004061137612314915, 'lam': -1.4784456821687673}","{'sigma': 0.0016397670889145566, 'mu': -0.3187454289016678, 'w0': 0.9474713155156933, 'delta': 0.005735358387103817, 'psi': 0.2}",{'sigma': 0.0018837589400013785},2.1822233973295484e-06
0.13,0.26426313276287816,0.26352896975558115,0.0007341630072970062,0.004797394748361364,2.3014996371605197e-05,0.5397946325773721,-0.3063886554639079,-0.3509426361584918,0.01820443532336755,0.04224841108283924,-0.00039150358278215025,2.5512000263995457e-34,1.0,2.451007546113979e-35,9.686269194552566e-06,"{'sigma': 0.005675498983953821, 'lam': -1.7923167000957718}","{'sigma': 0.001314002368086875, 'mu': -0.1484420973681646, 'w0': 1.0443208851947845, 'delta': 0.6057475035312951, 'psi': 0.2}",{'sigma': 0.002322450059181746},5.535010968315751e-06
0.14,0.2642927697398903,0.2696964097155568,-0.005403639975666508,0.006850028501047741,4.6922890465166354e-05,0.5120206631087263,-0.41605359117278207,-0.3997966365714728,0.025399030602432874,0.11199345796736508,-0.09056736801465597,5.630064079177766e-44,1.0,2.7090551373870453e-44,2.6390563769452105e-05,"{'sigma': 0.008501731032433174, 'lam': -1.950652650905506}","{'sigma': 0.0015513091882293217, 'mu': -0.09887090004103705, 'w0': 1.0456556275846778, 'delta': 0.7535407508218948, 'psi': 0.2}",{'sigma': 0.0032843674056661754},1.5080322153972631e-05
0.15000000000000002,0.2947578676274652,0.2764425298699781,0.018315337757487116,0.024853554830523792,0.0006176991877138525,0.4850123699651605,-0.5154197005135625,-0.4479650037754338,0.08990526209482762,0.19130576994178786,-0.9651922024985898,3.714609568634895e-46,1.0,4.284653406863389e-46,0.0004845893150431306,"{'sigma': 0.03244429772466816, 'lam': -2.091981664516794}","{'sigma': 0.003860339809343305, 'mu': -2.303247425472499e-05, 'w0': 1.0340821873501431, 'delta': 1.03401413771799, 'psi': 0.2}",{'sigma': 0.01194426219872116},0.00027690818002464604
0.16,0.16628761377970572,0.29615088637319553,-0.12986327259348981,0.12486902091254037,0.015592272383656444,0.46120428079124365,-0.4364163252173286,-0.5907379928717352,0.42163992682308177,0.5992861065748235,-1.0647914410443708,9.07668385911255e-39,1.0,9.662826507257077e-39,0.01718982377580672,"{'sigma': 0.16109753453189915, 'lam': -2.072530958628839}","{'sigma': 0.01985364938591605, 'mu': -8.267173656761884e-06, 'w0': 1.0167728642586156, 'delta': 1.0167484388269372, 'psi': 0.2}",{'sigma': 0.0599804977596357},0.005729941258602244
0.17,0.13698752121645164,0.32486491181544386,-0.18787739059899222,0.21083989412254417,0.04445346095360563,0.46080551534747616,-0.333434142854462,-0.6703247813923137,0.6490122976660099,0.8512446748771983,-0.6428763593868134,5.560806442698676e-31,1.0,5.3677407813838334e-31,0.05719062266007083,"{'sigma': 0.26231909184220925, 'lam': -1.9795079265787114}","{'sigma': 0.040040209685889394, 'mu': -0.07924476752029541, 'w0': 0.9222070866793163, 'delta': 0.6880777777655862, 'psi': 0.2}",{'sigma': 0.10107385760624751},0.019063540886690288
0.18000000000000002,1.7669059385313945,0.6371375007442676,1.1297684377871269,0.8448807079683782,0.713823410697148,0.7167895649675524,0.2321108566999021,-0.47031132915728757,1.3259082769975719,1.0028638963479284,-0.6237739986818516,2.2711397452121465e-21,1.0,4.6234101807025784e-23,0.3154749883510364,"{'sigma': 0.7354893705029139, 'lam': -1.0993328165719878}","{'sigma': 0.11970197153318596, 'mu': -0.00032999942549016836, 'w0': 0.5451219593678601, 'delta': 0.5441469733864557, 'psi': 0.2}",{'sigma': 0.4055012199130653},0.21031665890069098
0.19,0.0020610020694917337,0.7445939291247812,-0.7425329270552894,1.0122193929410583,1.0245880994459646,0.7538093375479248,0.33185462703625485,-0.3965378556479346,1.3596069376944646,0.9745856481629678,-0.7394941524192014,1.274011583251797e-22,1.0,1.0104666070271867e-24,0.539575998857528,"{'sigma': 0.8249049082727699, 'lam': -0.9805731209324913}","{'sigma': 0.19680600637004697, 'mu': -0.09024288970609673, 'w0': 0.4938733100628701, 'delta': 0.22724995987315366, 'psi': 0.2}",{'sigma': 0.48483954337074875},0.3597173325716855
0.2,2.600658045165632,0.811170229583618,1.7894878155820138,1.1083303646155702,1.228396197128883,0.7696115817649165,0.37497473007010984,-0.35083459382753807,1.3663599771938424,0.9456885486117228,-0.834174575599332,1.557771299527775e-22,1.0,6.108866134348502e-25,0.6433969423831828,"{'sigma': 0.8779733751195341, 'lam': -0.926149430633799}","{'sigma': 0.22465877308884763, 'mu': -0.09630645411421868, 'w0': 0.4577467799618247, 'delta': 0.17320857950689805, 'psi': 0.2}",{'sigma': 0.532530106317172},0.428931294922122
0.21000000000000002,0.3643919363547424,0.8535918516196976,-0.48919991526495527,1.1659282546690353,1.3593886950355827,0.7761430438667583,0.39381063313544984,-0.32960952365866836,1.3658797114006822,0.9329943135136298,-0.8664770783232527,1.327591243601445e-22,1.0,4.1318492244557376e-25,0.7073268247231601,"{'sigma': 0.9107322895157847, 'lam': -0.9047865776355053}","{'sigma': 0.2305164704068885, 'mu': -0.09104246381485415, 'w0': 0.4436719445556934, 'delta': 0.17468624617105366, 'psi': 0.2}",{'sigma': 0.559378940420839},0.47155121648210685
0.22,2.4436510291694553,0.8761268334244648,1.5675241957449906,1.1789711232365307,1.389972909425607,0.7784454567809238,0.3875628120877336,-0.3491780255191013,1.3456352417497244,0.8987208972036771,-0.9339668244340446,3.90523398482715e-23,1.0,1.7033911353258982e-25,0.7374626224534844,"{'sigma': 0.9262008248750736, 'lam': -0.9171564478690333}","{'sigma': 0.2347244716123813, 'mu': -0.09346281800818201, 'w0': 0.45491383388292644, 'delta': 0.1787771793867028, 'psi': 0.2}",{'sigma': 0.5639258119664775},0.49164174830232305
0.23,0.00018838200064839002,0.9050073903135831,-0.9048190083129347,1.2111424747211805,1.4668660940737452,0.7776816693804899,0.38967809809650145,-0.3479403065670049,1.3382824923469678,0.8838470606506055,-0.965513383816219,7.07463713817426e-24,1.0,3.1180679200300114e-26,0.7867554238089997,"{'sigma': 0.9526359948476832, 'lam': -0.9140707131908772}","{'sigma': 0.24380081287566524, 'mu': -0.0944558708708616, 'w0': 0.45778076869470985, 'delta': 0.1787101314545223, 'psi': 0.2}",{'sigma': 0.5811481021541735},0.5245036158726666
0.24000000000000002,0.28026210806504154,0.9316583647130071,-0.6513962566479656,1.2395990409128899,1.5366057822321562,0.7826507700770139,0.39622275200982177,-0.3445643772378828,1.330441391654099,0.8636774046980715,-1.0070452069792595,2.588569272899095e-24,1.0,1.251100939311075e-26,0.8388324794309159,"{'sigma': 0.9744676551012921, 'lam': -0.9089728797601273}","{'sigma': 0.24855729277706384, 'mu': -0.09305752884955454, 'w0': 0.45670155235454, 'delta': 0.18176232796744474, 'psi': 0.2}",{'sigma': 0.595701511791022},0.5592216529539441
0.25,0.0012623468350974722,0.9605999208771092,-0.9593375740420117,1.2660551138796372,1.6028955513807812,0.7832731776782665,0.3971087219486796,-0.3470589017635695,1.3179925980396066,0.8408185078180584,-1.0513698029177811,7.697418393351693e-25,1.0,3.880879036524368e-27,0.8784462653774479,"{'sigma': 0.9956230142791314, 'lam': -0.909143740420336}","{'sigma': 0.25677584478016446, 'mu': -0.09446628424892145, 'w0': 0.460472025239695, 'delta': 0.18137062158949835, 'psi': 0.2}",{'sigma': 0.6082255385698812},0.5856308435849654
0.26,0.9212655036372128,0.9858405563778508,-0.06457505274063802,1.2895913693156782,1.663045899813486,0.7847862227347681,0.401186512325623,-0.3453451177928173,1.3082083501475634,0.8188667052512524,-1.094350430228059,8.869545788466419e-26,1.0,4.38145672586027e-28,0.918995124631148,"{'sigma': 1.0156379262431956, 'lam': -0.9059276434143659}","{'sigma': 0.2650775946935173, 'mu': -0.09554951115456012, 'w0': 0.46239484353402094, 'delta': 0.18009303719794367, 'psi': 0.2}",{'sigma': 0.621618910447152},0.6126634164207655
0.27,0.06937529002030214,1.0231001988002912,-0.9537249087799891,1.3297371252777934,1.76820082234205,0.7861070678471465,0.4099366473077634,-0.33339816688628354,1.299618812797715,0.7998554361649314,-1.1393748178176752,7.129710726883009e-26,1.0,3.8841503743993636e-28,0.9820987282725493,"{'sigma': 1.0379606870420572, 'lam': -0.8985511165647799}","{'sigma': 0.265823917277342, 'mu': -0.09162945940964451, 'w0': 0.4549840122956553, 'delta': 0.1842640306612291, 'psi': 0.2}",{'sigma': 0.6382081730923175},0.654732485515033
0.28,1.2207290963728603,1.0301105206378103,0.19061857573505003,1.3265358684384367,1.7596974102537173,0.7801330055721054,0.3941643095895246,-0.3609894571656678,1.2878205754548206,0.784783293602253,-1.1629740469289203,1.1494564563754189e-26,1.0,9.697581240727783e-29,1.0019190489565528,"{'sigma': 1.050663598533196, 'lam': -0.9203734524810145}","{'sigma': 0.264380610819436, 'mu': -0.09152235766502548, 'w0': 0.4759087908440879, 'delta': 0.2055052421835446, 'psi': 0.2}",{'sigma': 0.6374329883401288},0.667946032637702
0.29000000000000004,3.4315980028254045,1.0516025860413214,2.379995416784083,1.3439416141281963,1.8061790621855018,0.7800532257719996,0.3947452511360636,-0.36183993094818984,1.2780035416574504,0.77176313920809,-1.1787214795345127,1.6908917239831396e-27,1.0,1.3360593455277576e-29,1.023788865937365,"{'sigma': 1.0624406821756796, 'lam': -0.9180724350527116}","{'sigma': 0.26922471461297026, 'mu': -0.09191466702717044, 'w0': 0.47989172188464047, 'delta': 0.20832909202904082, 'psi': 0.2}",{'sigma': 0.6455789310113468},0.6825259106249103
0.3,0.0034026328896595514,1.076968038374229,-1.0735654054845696,1.362357435046062,1.8560177808252853,0.7819850990126651,0.3971497497871589,-0.3629850027628419,1.2650042916333704,0.7467313543189767,-1.2228944766940084,2.0862946668285234e-28,1.0,1.821338354516891e-30,1.0600948537644803,"{'sigma': 1.0784162536431399, 'lam': -0.9197758781552943}","{'sigma': 0.272741229679206, 'mu': -0.09109718620373664, 'w0': 0.48334300486233883, 'delta': 0.21419562873553288, 'psi': 0.2}",{'sigma': 0.654112320944921},0.7067299025096537
0.31,0.0006752327146167358,1.0994044313026579,-1.0987291985880412,1.3742362552261282,1.8885252851779322,0.7816585350134899,0.39364711074983405,-0.37561410978566756,1.2499819254442777,0.7243814708156702,-1.257026106310187,7.443694395561617e-29,1.0,8.434657456285361e-31,1.0913845747834712,"{'sigma': 1.0897223311430482, 'lam': -0.9271927857342881}","{'sigma': 0.2670648406583829, 'mu': -0.08636705630354857, 'w0': 0.49129478257256437, 'delta': 0.23612261363302878, 'psi': 0.2}",{'sigma': 0.6575734612378248},0.7275897165223143
0.32,0.24188694291047896,1.1141621289241153,-0.8722751860136363,1.3857981371124453,1.9204364768243238,0.7826183007881203,0.39427085723603883,-0.37765356403836664,1.2437966660267126,0.7143137272409769,-1.2712331382697746,1.2649230471118244e-29,1.0,1.4520348601637343e-31,1.1162061119949935,"{'sigma': 1.1038348947332837, 'lam': -0.9277366166606806}","{'sigma': 0.26956942618722524, 'mu': -0.08460177691090309, 'w0': 0.497162232966903, 'delta': 0.2472055963227191, 'psi': 0.2}",{'sigma': 0.6658663119354342},0.7441374079966625
0.33,0.008210016195496063,1.131163146168153,-1.122953129972657,1.3918191169195688,1.9371604542227685,0.78174496540351,0.38952641506460794,-0.38943313831215737,1.2304212510717778,0.6956944926773464,-1.2952271677867317,2.2672606693103144e-30,1.0,2.7334590494296305e-32,1.1214997513453562,"{'sigma': 1.1156561610683415, 'lam': -0.9345084105811305}","{'sigma': 0.26644227602415027, 'mu': -0.07943329753887407, 'w0': 0.5072794447522924, 'delta': 0.27259312236826583, 'psi': 0.2}",{'sigma': 0.6698347994003903},0.7476665008969043
0.34,0.0537645106558358,1.148129716573731,-1.0943652059178952,1.396292895410489,1.9496338497738064,0.7783572026587272,0.38036813294053107,-0.4073165194415833,1.2161441260148473,0.6692657439089963,-1.335083271981929,4.560103285355192e-31,1.0,7.654759610434117e-33,1.1359538491985235,"{'sigma': 1.1253841053949958, 'lam': -0.9489716180970991}","{'sigma': 0.24633682628548614, 'mu': -0.06483713254967305, 'w0': 0.5182586646704966, 'delta': 0.3266968302324684, 'psi': 0.2}",{'sigma': 0.6699448082894848},0.7573025661323493
0.35000000000000003,0.0012146332188767703,1.1602323160999384,-1.1590176828810617,1.397202068327592,1.9521736197389015,0.7753040815801775,0.37092697511293665,-0.4282746997062811,1.2042339194436185,0.6576804555352453,-1.3453911697632175,1.3582771743969548e-31,1.0,2.6867131130947333e-33,1.1267873674861224,"{'sigma': 1.1368215075944612, 'lam': -0.9628294563129018}","{'sigma': 0.22773966276736624, 'mu': -0.04737981799603519, 'w0': 0.5284873261377283, 'delta': 0.3885032692594115, 'psi': 0.2}",{'sigma': 0.6711794102819989},0.7511915783240818
0.36000000000000004,0.0829577121001956,1.1742157493703305,-1.0912580372701348,1.3987081956209984,1.9563846164973488,0.7759443298947345,0.3672598463685988,-0.43951894285938065,1.1911271747758283,0.6390263422655922,-1.3651211401006567,2.469197509884114e-32,1.0,5.081264545339635e-34,1.1163231428422271,"{'sigma': 1.1416711055134692, 'lam': -0.9671798370318134}","{'sigma': 0.2168885847428894, 'mu': -0.03441367722461974, 'w0': 0.5334387341133063, 'delta': 0.43176324539770317, 'psi': 0.2}",{'sigma': 0.6717904611653428},0.7442154285614849
0.37,0.0027150793541928183,1.1886389809511264,-1.1859239015969336,1.403802082556753,1.9706602869906764,0.7715901366167166,0.358203979386993,-0.45531646364885126,1.181038610840462,0.6277023435578223,-1.3787155012961365,6.669646986851949e-33,1.0,1.551107218501978e-34,1.1044855875886366,"{'sigma': 1.153913891875267, 'lam': -0.978851611066013}","{'sigma': 0.20332817709581752, 'mu': -0.00013374698660895135, 'w0': 0.5382276519584719, 'delta': 0.5378324954008351, 'psi': 0.2}",{'sigma': 0.6747608097534418},0.7363237250590913
0.38,2.048996079666959,1.202608454170069,0.8463876254968901,1.4043718054482155,1.9722601679378806,0.7749353551126347,0.35799274003941156,-0.4633668293245584,1.167690796484969,0.6064354149271091,-1.3992337684926257,1.4431862018923301e-33,1.0,3.657292080953685e-35,1.0994535227137698,"{'sigma': 1.1588657757644416, 'lam': -0.9824465062886918}","{'sigma': 0.20661995755237927, 'mu': -0.00011737498438191274, 'w0': 0.539509788291485, 'delta': 0.5391630029473289, 'psi': 0.2}",{'sigma': 0.6755000439654859},0.7329690151425134
0.39,0.03167710356512814,1.2201072243553572,-1.188430120790229,1.4165639810517996,2.0066535124133233,0.7679966276031888,0.3511710152202146,-0.47307996754111015,1.161008666728679,0.5981091712443282,-1.4176003587769415,1.0605471446742795e-33,1.0,2.914386336963303e-35,1.092914966454825,"{'sigma': 1.173304287145446, 'lam': -0.9908791309290681}","{'sigma': 0.21052429268363104, 'mu': -7.69659572987802e-05, 'w0': 0.5410558478026457, 'delta': 0.5408284512570298, 'psi': 0.2}",{'sigma': 0.681620783439997},0.7286099776365502
0.4,2.71163153051898,1.2370357800097678,1.4745957505092122,1.4173950824741088,2.0090088198217857,0.763138662503631,0.34102449288463155,-0.490774305205219,1.145830214356886,0.5715158179671326,-1.4522614864956722,5.530919818791357e-34,1.0,1.6677642488253472e-35,1.0465544015727228,"{'sigma': 1.1821630092749082, 'lam': -1.0031489602891628}","{'sigma': 0.2140819265034526, 'mu': -1.9424734383211018e-05, 'w0': 0.543875876863037, 'delta': 0.5438184863276201, 'psi': 0.2}",{'sigma': 0.6820635440088881},0.6977029343818154
0.41000000000000003,0.002881259193426652,1.240553221021246,-1.2376719618278194,1.4092183698247642,1.9858964138515662,0.7654257232792349,0.33442571993024833,-0.5094025822865598,1.135987873488754,0.5662933622233309,-1.4437475329194547,7.6236497104050204e-34,1.0,2.553824556637107e-35,0.9970971633900817,"{'sigma': 1.1835027308319057, 'lam': -1.014094546356703}","{'sigma': 0.21529500503594656, 'mu': -4.696759541222839e-05, 'w0': 0.5461618667097871, 'delta': 0.5460231005678788, 'psi': 0.2}",{'sigma': 0.6775331917317982},0.6647314422600547
0.42000000000000004,1.4053171290020647,1.2570236118811928,0.1482935171208719,1.414329926013837,2.0003291396183056,0.7638372142288152,0.33170270985025063,-0.5175702243472572,1.125176840404544,0.549981116790554,-1.4619144388055285,2.2673051159346355e-34,1.0,7.988903915098817e-36,0.9803244610159891,"{'sigma': 1.1912469306238678, 'lam': -1.0172290822483059}","{'sigma': 0.2173476573315518, 'mu': -8.801433831973071e-06, 'w0': 0.5475649275760289, 'delta': 0.5475389236683261, 'psi': 0.2}",{'sigma': 0.6808104967545286},0.6535496406773262
0.43,0.00398710346876588,1.2707956090552506,-1.2668085055864846,1.4155600875268586,2.0038103613990472,0.7626651633699015,0.3263245692473309,-0.5306590850938837,1.1139199543744238,0.5326449925606845,-1.4797529440374169,8.940161961270613e-35,1.0,3.474669744014531e-36,0.9448100655105901,"{'sigma': 1.1983149493482297, 'lam': -1.0261551520210728}","{'sigma': 0.21842120040257584, 'mu': -2.1668786783113347e-05, 'w0': 0.5494383427689173, 'delta': 0.5493743221624687, 'psi': 0.2}",{'sigma': 0.6812586875248555},0.6298733770070603
0.44,0.20700998830573591,1.2840350464961636,-1.0770250581904277,1.417712567151366,2.009908923058916,0.7594921169603878,0.3209700628604034,-0.5395959440162281,1.1041256676309794,0.5204435827575703,-1.4910403943859207,2.471965313074984e-35,1.0,1.0550685571334394e-36,0.6482596458749167,"{'sigma': 1.2043839067791637, 'lam': -1.0325631539260773}","{'sigma': 0.21919241401409284, 'mu': -2.4828844948698858e-05, 'w0': 0.5510746272234937, 'delta': 0.5510012701995428, 'psi': 0.2}",{'sigma': 0.6822844239215794},0.6482596458749167
0.45,3.393736448554044,1.2983592831267263,2.095377165427318,1.4205321147210415,2.017911488953834,0.7585674461038909,0.31691578393443653,-0.5500616114603198,1.0941089482546602,0.5049644048400229,-1.5061895516248534,7.296332626735121e-36,1.0,3.4615447740503915e-37,0.6762158985389591,"{'sigma': 1.2104324481266278, 'lam': -1.039916171784844}","{'sigma': 0.21957714519339167, 'mu': -1.4011381591183536e-05, 'w0': 0.5525875228087488, 'delta': 0.5525461260680993, 'psi': 0.2}",{'sigma': 0.6827108709369224},0.6762158985389591
0.46,0.006129102629692087,1.309324611676061,-1.303195509046369,1.418813815182693,2.013032642153269,0.7553019283187811,0.3095859055716655,-0.5648194504128917,1.0836180851352208,0.4951364847590762,-1.5109780410107188,1.5575770015381826e-36,1.0,8.451909437238467e-38,0.7103369692662355,"{'sigma': 1.217261167662871, 'lam': -1.052084186276279}","{'sigma': 0.21849942270760403, 'mu': -4.2020023237165915e-05, 'w0': 0.55485032418667, 'delta': 0.5547261756869153, 'psi': 0.2}",{'sigma': 0.682164208536829},0.7103369692662355
0.47000000000000003,3.485730873921785,1.3211795537142923,2.164551320207493,1.4217953001590784,2.021501875554444,0.7523697667796216,0.305638828699052,-0.5714576010593673,1.0761923471565285,0.48546725508990807,-1.5199466052495214,3.214602207857147e-37,1.0,1.9206489408666253e-38,0.7347979762696871,"{'sigma': 1.2242988179054315, 'lam': -1.0583932295742322}","{'sigma': 0.21847596062962782, 'mu': -3.297898065857119e-05, 'w0': 0.5561214637987762, 'delta': 0.5560240271327113, 'psi': 0.2}",{'sigma': 0.6838148970187619},0.7347979762696871
0.48000000000000004,2.2830884740080597,1.3322341457719171,0.9508543282361426,1.4150928287488749,2.0024877139764925,0.7543560082796652,0.3007236834392739,-0.5874186004729084,1.0621520190987346,0.470284052065534,-1.5251349465343282,3.8501207080805334e-38,1.0,2.5649677083599894e-39,0.7559967446852973,"{'sigma': 1.222953610281251, 'lam': -1.0657103220498634}","{'sigma': 0.21607729592659441, 'mu': -4.735925164189858e-05, 'w0': 0.5579682836954878, 'delta': 0.5578283604020697, 'psi': 0.2}",{'sigma': 0.6797885093525107},0.7559967446852973
0.49,2.9947685588988215,1.342639160695458,1.6521293982033636,1.413141680424125,1.9969694089519197,0.7533602056693355,0.29610376289943413,-0.5991034926198454,1.052531404170437,0.45496758162983486,-1.5379277909888849,5.970723488331725e-39,1.0,4.462654226158885e-40,0.7786415245786773,"{'sigma': 1.2265870614607923, 'lam': -1.0735920434547426}","{'sigma': 0.2142551065975089, 'mu': -3.160551897551933e-05, 'w0': 0.5596215361495832, 'delta': 0.55952815738721, 'psi': 0.2}",{'sigma': 0.6789316920062428},0.7786415245786773
0.5,1.79821823264161,1.3510743925679543,0.4471438400736558,1.4124905586972203,1.9951295784087852,0.7508544077156228,0.2918533035702141,-0.6090970086336353,1.0454565357897447,0.44670211287034045,-1.5440648665921206,1.1826133959819982e-39,1.0,9.756553615646754e-41,0.7993877167159931,"{'sigma': 1.2316121015050157, 'lam': -1.0812761338917976}","{'sigma': 0.21237979539910357, 'mu': -3.393921872030248e-05, 'w0': 0.5611468152130112, 'delta': 0.5610465415157981, 'psi': 0.2}",{'sigma': 0.6789763593321807},0.7993877167159931
0.51,0.0320630573572534,1.3653748491804525,-1.3333117918231991,1.411372687048814,1.9919728617473895,0.7489995602013874,0.2859808417159224,-0.6212511311504441,1.033664016010169,0.42951929308108305,-1.556718212570533,4.828242660691993e-40,1.0,4.4215826889161916e-41,0.8169958238999054,"{'sigma': 1.2345555133826869, 'lam': -1.0893602949694072}","{'sigma': 0.2097815247824446, 'mu': -5.886708143698627e-05, 'w0': 0.5627218639260373, 'delta': 0.562547940656074, 'psi': 0.2}",{'sigma': 0.6776091594175568},0.8169958238999054
0.52,0.024128463048255926,1.3764657647270686,-1.3523373016788127,1.408144322743403,1.9828704336744771,0.7484220062261397,0.2816361163887743,-0.632112153512854,1.0230305332807543,0.4144817061303543,-1.566526133031133,4.796427642592497e-40,1.0,4.816774000489883e-41,1.6631261662694137,"{'sigma': 1.236655210573316, 'lam': -1.0962482695944917}","{'sigma': 0.2071814864899344, 'mu': -8.545537114335033e-05, 'w0': 0.5641337860527206, 'delta': 0.5638813074649875, 'psi': 0.2}",{'sigma': 0.6762262959994857},0.8315630831347066
0.53,1.1356078019910278,1.3893062781706185,-0.2536984761795906,1.4084299399299731,1.9836748956911479,0.7445842951811645,0.27620613101347913,-0.6428505144897118,1.0137885342710564,0.4039668449968624,-1.5733160827392763,2.784886706136188e-39,1.0,3.100531068150322e-40,1.6939793200670115,"{'sigma': 1.242619036667752, 'lam': -1.1068777582804898}","{'sigma': 0.2038659735129822, 'mu': -0.001347059611502388, 'w0': 0.5657878970656841, 'delta': 0.5618079985086484, 'psi': 0.2}",{'sigma': 0.6761677247499738},0.8469896600335054
0.54,3.46276844216138,1.3989030653359944,2.063865376825386,1.4043468811406281,1.9721901625694094,0.7435559573761308,0.27043193251674763,-0.6542285976806319,1.0038757819003925,0.3922076617140197,-1.5772044645612773,7.402230970376743e-39,1.0,8.865404631820423e-40,1.711941786585019,"{'sigma': 1.2423461575015156, 'lam': -1.1121288391962962}","{'sigma': 0.21381496175402392, 'mu': -0.02850753015111085, 'w0': 0.569621851334011, 'delta': 0.4853961220906573, 'psi': 0.2}",{'sigma': 0.6739965200878159},0.8559708932925092
0.55,1.879355890492926,1.4052144396303294,0.4741414508625965,1.3988784324198438,1.9568608686893993,0.7425769811879926,0.2665860731951007,-0.665553537277813,0.9954882419343114,0.38274033637169397,-1.5808683207220988,7.053237335117608e-38,1.0,9.226135061715911e-39,1.728460551090219,"{'sigma': 1.2447736525316688, 'lam': -1.1218795703526818}","{'sigma': 0.22901403077351, 'mu': -0.046137520811140975, 'w0': 0.5762648343909222, 'delta': 0.4399511546298107, 'psi': 0.2}",{'sigma': 0.6718746822416466},0.8642302755451091
0.56,0.021647301083161614,1.4154565509305308,-1.393809249847369,1.3952077435728847,1.9466046477257404,0.7412079827298138,0.26080876549561105,-0.6786998541507013,0.9856900822558119,0.37051258768334405,-1.5867116640135703,3.6802641938197513e-37,1.0,5.183648460929576e-38,1.7388735181482917,"{'sigma': 1.2458836044167145, 'lam': -1.1297318668819405}","{'sigma': 0.24271296913902085, 'mu': -0.05867241063925954, 'w0': 0.5840528797970431, 'delta': 0.4107047662858987, 'psi': 0.2}",{'sigma': 0.6699083857451941},0.8694367590741455
0.5700000000000001,2.2325267971896485,1.4298684139525253,0.8026583832371232,1.392163230809537,1.9381184612180484,0.7392457030181018,0.25644187191188733,-0.688488671285152,0.9736270450068426,0.3539993457345382,-1.5955207357357877,1.1886556175577434e-36,1.0,1.79140940918215e-37,1.7466704682657326,"{'sigma': 1.2468260860665574, 'lam': -1.1372406478288477}","{'sigma': 0.2541311367780379, 'mu': -0.06817382973249964, 'w0': 0.592990631066018, 'delta': 0.3915704977154528, 'psi': 0.2}",{'sigma': 0.6678364774708188},0.873335234132866
0.5800000000000001,3.468015940565946,1.4343387946682071,2.0336771458977387,1.386051404389791,1.9211384956109119,0.7375029579022985,0.2493176283940182,-0.6997971044325572,0.9663480596872251,0.34870454560919345,-1.5937736318419626,2.950496966241009e-36,1.0,4.730746711223249e-37,1.747547475597076,"{'sigma': 1.2473501882705829, 'lam': -1.1453701463394483}","{'sigma': 0.26361868244782505, 'mu': -0.07581797919176525, 'w0': 0.603972817255524, 'delta': 0.37996798227563344, 'psi': 0.2}",{'sigma': 0.6655165796482402},0.8737737377985376
0.59,0.028668936803351353,1.4411114464131614,-1.41244250960981,1.3798304413924332,1.903932046993237,0.7373278253712133,0.2454357226311673,-0.7120020676786599,0.9574868058195205,0.340438478309845,-1.5935932190210524,3.9520932486501715e-36,1.0,6.666133278230009e-37,1.7417942447032368,"{'sigma': 1.2456451915052598, 'lam': -1.1522138760653857}","{'sigma': 0.2684591332341397, 'mu': -0.08011195548156813, 'w0': 0.6149036817432436, 'delta': 0.37821225895847355, 'psi': 0.2}",{'sigma': 0.6622128893347548},0.8708971223516181
0.6,0.027519857308395904,1.4460905288082553,-1.4185706714998594,1.3689215338834981,1.8739461659299492,0.7376209879923439,0.2394360244917944,-0.7245942980615548,0.9466181236936173,0.3375048242037389,-1.5813429795616571,3.48101694496406e-36,1.0,6.141586772816769e-37,1.72266935634125,"{'sigma': 1.24194901773159, 'lam': -1.1611797695683976}","{'sigma': 0.2691976354246348, 'mu': -0.08190069571376446, 'w0': 0.6280075555645226, 'delta': 0.38603128524350283, 'psi': 0.2}",{'sigma': 0.6568800607340931},0.8613346781706247
0.61,1.8666905813695869,1.4580031596739607,0.4086874216956262,1.3659909795616765,1.8659313562438684,0.7327126784842112,0.23260627706478004,-0.734168611880091,0.9368954332459076,0.31804280237292265,-1.5985415521491968,2.3681401016440624e-36,1.0,4.370889490807571e-37,1.7157292151772974,"{'sigma': 1.2446513292237797, 'lam': -1.1700285248106748}","{'sigma': 0.26689305478684355, 'mu': -0.0805005211214751, 'w0': 0.6401280747226165, 'delta': 0.4022886316005321, 'psi': 0.2}",{'sigma': 0.6558088564710126},0.8578646075886484
0.62,3.4863789022730067,1.4657400277994086,2.0206388744735984,1.3617565371451696,1.854380866457604,0.7296127562366123,0.22633321877495433,-0.7441122128648912,0.9290648345638589,0.3080821781854499,-1.6042920932274058,1.0588565988808007e-36,1.0,2.017526666496765e-37,1.701253855554281,"{'sigma': 1.2446160166087437, 'lam': -1.1773028788114241}","{'sigma': 0.2609784079334927, 'mu': -0.07663893180237968, 'w0': 0.6508908966607377, 'delta': 0.42446055052864584, 'psi': 0.2}",{'sigma': 0.6535738515838082},0.8506269277771402
0.63,0.15155813133138452,1.4732116150699546,-1.32165348373857,1.3532794353738808,1.8313652302058496,0.7281716453892039,0.22072453420546706,-0.7551768751108047,0.9185636665290559,0.29695561439080703,-1.6053175995953333,2.828708709010374e-37,1.0,5.522816600064771e-38,1.6747025276081777,"{'sigma': 1.2424165666842901, 'lam': -1.1854319618385711}","{'sigma': 0.25073017184216484, 'mu': -0.06971263880673861, 'w0': 0.6618531479709547, 'delta': 0.4558865907191587, 'psi': 0.2}",{'sigma': 0.6497568526208032},0.8373512638040885
0.64,0.15402252595769855,1.4788071056987782,-1.3247845797410795,1.3442962469919528,1.8071323996766493,0.7255619887544219,0.21267379398607839,-0.7655653980863794,0.9090482190352738,0.2893378733057677,-1.6038917627309972,5.320721648922179e-38,1.0,1.0594671676164977e-38,1.6442695423893592,"{'sigma': 1.2388791578615528, 'lam': -1.1928682328192621}","{'sigma': 0.2382739256287434, 'mu': -0.060761220406543526, 'w0': 0.6708889032696932, 'delta': 0.49136938434504684, 'psi': 0.2}",{'sigma': 0.6453731170764723},0.8221347711946794
0.65,1.4057436397922187,1.4855985194267771,-0.0798548796345584,1.3363634446152028,1.7858672561038103,0.722975914803085,0.2059482988428201,-0.775654456022754,0.8995550703460728,0.28024807625721904,-1.6039193356212937,5.2927196508810655e-39,1.0,1.072680429239665e-39,1.608822972241745,"{'sigma': 1.2364794453933825, 'lam': -1.2019416012772477}","{'sigma': 0.22308598848366334, 'mu': -0.04838295907548407, 'w0': 0.6792095088502412, 'delta': 0.5362616635096238, 'psi': 0.2}",{'sigma': 0.6412605638165371},0.8044114861208723
0.66,3.0129851522772886,1.49224054195625,1.5207446103210385,1.327330082341571,1.7618051474888818,0.7213065476273127,0.1995439849801686,-0.7856212304381767,0.8894815207730777,0.2702216517007525,-1.6052453456782314,3.509963807569637e-40,1.0,7.214673972679339e-41,1.5692173107785885,"{'sigma': 1.2323982650849636, 'lam': -1.20998897612342}","{'sigma': 0.20726249405301855, 'mu': -0.032520767706222475, 'w0': 0.6858136305390573, 'delta': 0.589730758361386, 'psi': 0.2}",{'sigma': 0.6365572581236005},0.784608655389294
0.67,3.0850792640259597,1.493289098612706,1.5917901654132536,1.3155781817033931,1.7307459521740058,0.7185110940036276,0.19076927238567684,-0.7963134202868131,0.881008079768563,0.26492436009571935,-1.6028810410399015,1.0631788827437452e-41,1.0,2.2188324318157546e-42,1.5213641413836623,"{'sigma': 1.2269498536570203, 'lam': -1.2187409517790893}","{'sigma': 0.19325009908696833, 'mu': -0.00023588093500137575, 'w0': 0.6908731979047471, 'delta': 0.6901762857675053, 'psi': 0.2}",{'sigma': 0.6309433346920393},0.7606820706918309
0.68,3.2816649274834155,1.4984569516025734,1.7832079758808421,1.3060202153458118,1.7056888028919208,0.7146345913527548,0.18124899526258356,-0.8049113115301152,0.8715704203953605,0.25965761711334606,-1.5983229511299506,1.0031507925181781e-42,1.0,2.1253997413151153e-43,1.472898771174067,"{'sigma': 1.2218367841064628, 'lam': -1.2275664682339897}","{'sigma': 0.19470343906701593, 'mu': -1.98119768455296e-05, 'w0': 0.692407331576282, 'delta': 0.6923487969298667, 'psi': 0.2}",{'sigma': 0.6257421747575823},0.7364493855870333
0.6900000000000001,3.253361848315289,1.5010927697099126,1.7522690786053765,1.2932553867277008,1.672509495300215,0.7125365054233145,0.1735177359011704,-0.8143204031399067,0.8615463756295535,0.2521095548832762,-1.5956949864174543,4.97851731735116e-43,1.0,1.0608512271569403e-43,1.4176954049008716,"{'sigma': 1.2181188626431998, 'lam': -1.2380281287909398}","{'sigma': 0.1959819509645866, 'mu': -3.2516438258411995e-05, 'w0': 0.694106467659449, 'delta': 0.69401039757866, 'psi': 0.2}",{'sigma': 0.6208840867812407},0.7088477024504356
0.7000000000000001,2.790380633647532,1.50341897364733,1.286961660000202,1.2811759479066138,1.6414118094944103,0.709474426317407,0.16501790777215133,-0.8233408621742514,0.8521899686151674,0.24636439709908275,-1.594282178405206,7.27757299448377e-43,1.0,1.5609160612695998e-43,1.3573950570692228,"{'sigma': 1.2126881539471397, 'lam': -1.2483271545097363}","{'sigma': 0.19677950324003812, 'mu': -1.4604329232836832e-05, 'w0': 0.6958670908897725, 'delta': 0.6958239422805024, 'psi': 0.2}",{'sigma': 0.6151285532239608},0.6786975285346112
0.7100000000000001,2.54520252263633,1.507824344227414,1.037378178408916,1.267910134996437,1.6075961104266834,0.7062517531553181,0.15663168409120914,-0.8305078764812984,0.8408848597317196,0.2375987882946783,-1.5917535908132256,2.6465179322087693e-42,1.0,5.767077950304556e-43,1.2934099394597345,"{'sigma': 1.2055479337743815, 'lam': -1.2584173370271745}","{'sigma': 0.1970267326441657, 'mu': -1.3832576813532782e-05, 'w0': 0.6976514357967984, 'delta': 0.697610567336316, 'psi': 0.2}",{'sigma': 0.6088240000226213},0.646704969729867
0.72,0.13590959833989003,1.5042759634735043,-1.3683663651336144,1.251991203612029,1.5674819739218973,0.7014202246901706,0.1443631954897228,-0.8387348526965601,0.832293541164773,0.23981397665526236,-1.5815899771610946,1.7165424600318444e-41,1.0,3.82308151543797e-42,1.2194175478667582,"{'sigma': 1.1986355214899742, 'lam': -1.271876117728381}","{'sigma': 0.19680103905107993, 'mu': -3.1059380259268465e-05, 'w0': 0.6996998414761371, 'delta': 0.6996080762850343, 'psi': 0.2}",{'sigma': 0.601618635459214},0.6097087739333789
0.73,3.3563194305160966,1.505449764965718,1.8508696655503787,1.236677981103837,1.5293724289470623,0.6969667657642257,0.13366956540866046,-0.8459817813951966,0.8214525011336348,0.23472850848613375,-1.5762308588295177,9.459311676830777e-41,1.0,2.158527433317233e-41,1.1437097303543207,"{'sigma': 1.189297649647709, 'lam': -1.2836944826178185}","{'sigma': 0.19582197845145988, 'mu': -2.754875524368927e-05, 'w0': 0.7017192482088572, 'delta': 0.7016378551878608, 'psi': 0.2}",{'sigma': 0.5937597618619004},0.5718548651771601
0.74,1.9323724166633487,1.5118319631705102,0.42054045349283853,1.215430571613661,1.4772714744131108,0.6994197738585728,0.1252028935555527,-0.8582056849870386,0.8038827036358733,0.1751811956054484,-1.627247852794643,1.7470319425164872e-40,1.0,4.0799266588574757e-41,1.064929052598371,"{'sigma': 1.175577695995349, 'lam': -1.2929059667035645}","{'sigma': 0.19408822908537138, 'mu': -1.0173919974265644e-05, 'w0': 0.7037781009599615, 'delta': 0.70374804203081, 'psi': 0.2}",{'sigma': 0.5839388771785092},0.5324645262991853
0.75,3.0758865819870143,1.5032605675681532,1.572626014418861,1.2017557364057043,1.4442168499840167,0.6878740056804736,0.10848281818796165,-0.8590040523046583,0.7994216466958511,0.22544158893869068,-1.5693477597402699,6.764865734817571e-40,1.0,1.6596041992729134e-40,0.9781544945316673,"{'sigma': 1.1706703511523466, 'lam': -1.3125411579961903}","{'sigma': 0.19176555510348203, 'mu': -4.0569762855824365e-06, 'w0': 0.7061906217033175, 'delta': 0.706178635333949, 'psi': 0.2}",{'sigma': 0.5771580009822955},0.48907724726583346
0.76,0.40913066334438836,1.4957407233416116,-1.0866100599972233,1.1805167798683394,1.3936198675507134,0.6845368764099972,0.09682705958462805,-0.865009494877871,0.7892479447738159,0.2298270263303407,-1.5548058110980794,5.538211531602767e-40,1.0,1.4273965620096022e-40,0.6046517271110589,"{'sigma': 1.1589689010529427, 'lam': -1.3284171123665396}","{'sigma': 0.1883267357185059, 'mu': -2.658583842052309e-05, 'w0': 0.7085721084936204, 'delta': 0.7084935604181946, 'psi': 0.2}",{'sigma': 0.567364318498032},0.483721381688847
0.77,0.12816587193114198,1.4944452016579393,-1.3662793297267972,1.1600659651678193,1.345753043540744,0.6784936385696094,0.08211770664862279,-0.8697982694009768,0.7762419173994233,0.22593061285823288,-1.5481892363094232,2.1519907636141653e-40,1.0,5.891466776869179e-41,0.6156782580077524,"{'sigma': 1.1465540653219715, 'lam': -1.3449314473650011}","{'sigma': 0.18401201850716364, 'mu': -1.2461596540003228e-05, 'w0': 0.7110841864929383, 'delta': 0.7110473686048029, 'psi': 0.2}",{'sigma': 0.5573458613273272},0.49254260640620184
0.78,0.14683258422237436,1.4882969031636377,-1.3414643189412634,1.138464940479046,1.2961024206999576,0.6734301422747554,0.06762115152407672,-0.8737476702195752,0.7649438457131864,0.22706854625665318,-1.5395328021312,5.163041257419071e-41,1.0,1.5216663543159896e-41,0.6219825240834596,"{'sigma': 1.1329318040181668, 'lam': -1.3621906176537493}","{'sigma': 0.1788535768419084, 'mu': -2.0794486113473454e-05, 'w0': 0.7136072232144495, 'delta': 0.7135457857364265, 'psi': 0.2}",{'sigma': 0.5467824399130655},0.49758601926676754
0.79,2.7090816391328265,1.4821930587027468,1.2268885804300798,1.1119703712520694,1.236478106542465,0.6665816694440174,0.049628942800796196,-0.8776610634243494,0.7502263488151195,0.22581497853426163,-1.529126268214344,8.66690166958496e-42,1.0,2.8101249614825213e-42,0.6246465895870486,"{'sigma': 1.1175052511654713, 'lam': -1.3852848387808647}","{'sigma': 0.17176611369377626, 'mu': -2.4116146762453994e-05, 'w0': 0.7166789188841552, 'delta': 0.716607667532781, 'psi': 0.2}",{'sigma': 0.5341129631202175},0.49971727166963875
0.8,0.2263394224998882,1.473860788559499,-1.2475213660596107,1.085060926658149,1.1773572145602411,0.660567417547785,0.03344435583141301,-0.880179571318268,0.7361895565553938,0.22751450229804743,-1.5184064583712373,6.84090200971846e-42,1.0,2.4423463557360132e-42,0.6202070152897459,"{'sigma': 1.0990610715737597, 'lam': -1.4055305448199944}","{'sigma': 0.16395596009339508, 'mu': -3.390070117204047e-05, 'w0': 0.7196362507870196, 'delta': 0.7195360908902155, 'psi': 0.2}",{'sigma': 0.5209554973605658},0.49616561223179656
0.81,0.37316176050143857,1.4625415107542632,-1.0893797502528246,1.0559539495032602,1.1150387434715339,0.6518543715301431,0.012331375256831908,-0.8813255509465118,0.7219951396657677,0.2346562905857835,-1.5052928473125065,4.380916477103511e-40,1.0,1.7485293689390034e-40,1.2194784296840206,"{'sigma': 1.0814660095979178, 'lam': -1.4333820467492058}","{'sigma': 0.15421347787061723, 'mu': -0.0008647708377209629, 'w0': 0.7230915270233692, 'delta': 0.7205365545634841, 'psi': 0.2}",{'sigma': 0.5069853580034676},0.48779137187360827
0.8200000000000001,3.045304632436646,1.4520003992618546,1.5933042331747913,1.0238888191879174,1.0483483140580276,0.6435470536819815,-0.008520958267812118,-0.8819198774434425,0.7051617703921904,0.23849693630230465,-1.4913157423933137,1.5357712444573728e-37,1.0,6.788466212763805e-38,1.17942923179997,"{'sigma': 1.061445160457982, 'lam': -1.462443206551572}","{'sigma': 0.17571863625774298, 'mu': -0.05443872762825119, 'w0': 0.7379878573522003, 'delta': 0.577148194664302, 'psi': 0.2}",{'sigma': 0.4918252723459195},0.47177169271998803
0.8300000000000001,0.31474308258971917,1.4395165721306948,-1.1247734895409756,0.9895212589614657,0.9791523219366841,0.6338680421105762,-0.031620173039993565,-0.8798751207530566,0.6873961121667024,0.24551867048567225,-1.4769497171237234,4.9645476508292304e-36,1.0,2.419585563092926e-36,1.120053543782812,"{'sigma': 1.0387064644274586, 'lam': -1.4942653847531975}","{'sigma': 0.19171597451130173, 'mu': -0.07838692008715187, 'w0': 0.7657348365802523, 'delta': 0.5341400448713822, 'psi': 0.2}",{'sigma': 0.4753987849887778},0.44802141751312485
0.8400000000000001,2.506796945763818,1.426672720211523,1.080124225552295,0.9523463852075509,0.9069636374178889,0.621754610788181,-0.05813066672518616,-0.8752115763189998,0.6675363251409764,0.25454493315217386,-1.4620643667535431,6.275225606526247e-36,1.0,3.286480576264388e-36,1.0356759041931076,"{'sigma': 1.0126013289414728, 'lam': -1.527954465653201}","{'sigma': 0.1857276920766453, 'mu': -0.07977846432705826, 'w0': 0.801652094683848, 'delta': 0.5659459742222155, 'psi': 0.2}",{'sigma': 0.4575032007855237},0.41427036167724307
0.85,2.2436104935189007,1.4106404862527817,0.832970007266119,0.9078958583412261,0.8242748895931518,0.6118845899103809,-0.08675976548599457,-0.8716584330211674,0.6436080181662192,0.25472328439024483,-1.4491943706572536,8.607661014626986e-38,1.0,4.681835158601565e-38,0.921487923469822,"{'sigma': 0.9773200973998066, 'lam': -1.5596579566293933}","{'sigma': 0.15349404078934703, 'mu': -0.05130016554086447, 'w0': 0.8349702095960145, 'delta': 0.6834034540728005, 'psi': 0.2}",{'sigma': 0.4358964763210507},0.3685951693879288
0.86,0.5009188286238964,1.392620844160048,-0.8917020155361517,0.8609855335635563,0.7412960890057217,0.5981200874578483,-0.11694908622530671,-0.8618203774641078,0.618243927643396,0.26820903519950323,-1.426013405700412,9.036677005835855e-41,1.0,5.025886301372638e-41,0.7854558922988187,"{'sigma': 0.9407154301158274, 'lam': -1.598183910220052}","{'sigma': 0.128525621689201, 'mu': -8.426432727803856e-05, 'w0': 0.8501467337347602, 'delta': 0.8498977740957956, 'psi': 0.2}",{'sigma': 0.4132460772815327},0.3141823569195275
0.87,2.3355433381106425,1.374828082165909,0.9607152559447336,0.8099585345402196,0.6560328276745402,0.5846475933725642,-0.15163966660935219,-0.8498444512200674,0.5891401073566146,0.2736297923821495,-1.4148400386524658,5.381983642869649e-40,1.0,3.08305573241236e-40,0.6345780234642009,"{'sigma': 0.8995633158910277, 'lam': -1.6405715768620452}","{'sigma': 0.12632136841189068, 'mu': -8.66719603198618e-06, 'w0': 0.8563531686713205, 'delta': 0.8563275613702874, 'psi': 0.2}",{'sigma': 0.3888004846364558},0.2538312093856804
0.88,0.5460736132843644,1.3555920561534889,-0.8095184428691244,0.7540099020056429,0.5685309323225591,0.5683660877983852,-0.1891859276367138,-0.8306115509357226,0.55621944083151,0.28752721147244265,-1.3887198771522935,1.8733131342339412e-38,1.0,1.1539953084251644e-38,0.4699766717071605,"{'sigma': 0.8542442520780583, 'lam': -1.6940788579745245}","{'sigma': 0.11980454195920309, 'mu': -5.039344934454348e-06, 'w0': 0.8638251187520958, 'delta': 0.8638102299665797, 'psi': 0.2}",{'sigma': 0.36200732035285166},0.1879906686828642
0.89,0.8492629194813868,1.334137442400955,-0.48487452291956834,0.6885193817208101,0.4740589390052065,0.5516108509300488,-0.23319738340304544,-0.8053188911050785,0.5160686716379854,0.29554684464014686,-1.3650806801686284,1.0119680737129826e-39,1.0,7.2274926863458716e-40,0.2811692198039164,"{'sigma': 0.797396056928758, 'lam': -1.7556838779994683}","{'sigma': 0.10702187267614538, 'mu': -1.318598493083023e-05, 'w0': 0.8725629542527192, 'delta': 0.872523996153203, 'psi': 0.2}",{'sigma': 0.3304023109445696},0.18744614653594432
0.9,2.1755681474218878,1.3158369769453118,0.859731170476576,0.6222517129769378,0.38719719430273347,0.5286347859085881,-0.28297581910399966,-0.7661650588568841,0.4728930324778772,0.31097560808254054,-1.3443276310889352,6.069902882321462e-38,1.0,5.187616075902752e-38,0.5170933133522997,"{'sigma': 0.739728386973255, 'lam': -1.8321653838383012}","{'sigma': 0.09954771318990008, 'mu': -0.03868766755160746, 'w0': 0.8869906468983894, 'delta': 0.7726876190672816, 'psi': 0.2}",{'sigma': 0.2983718173858784},0.17236443778410002
0.91,0.6857065188401821,1.2981133206956594,-0.6124068018554774,0.5498925065898508,0.30238176880366907,0.5073334130814114,-0.33488856293411523,-0.7161014570029198,0.4236088671732739,0.31760871053377887,-1.3366096371966822,3.030532317649617e-36,1.0,2.948809959953187e-36,0.4183070254826606,"{'sigma': 0.6717032058657567, 'lam': -1.9120694929323294}","{'sigma': 0.10744123325707045, 'mu': -0.07889752639826964, 'w0': 0.9614662254368563, 'delta': 0.7283628432369058, 'psi': 0.2}",{'sigma': 0.2635640884171762},0.13943567516088695
0.92,1.9761927206538992,1.284170903613049,0.6920218170408501,0.4729208858440065,0.2236541642674798,0.4834948525763308,-0.3946237636660223,-0.6443212487482144,0.36827204071077396,0.32207426864521854,-1.3248389152037088,1.167781994866067e-41,1.0,1.2010762187408085e-41,0.2826195598750663,"{'sigma': 0.5949908236060254, 'lam': -1.997673329739477}","{'sigma': 0.07248649022622256, 'mu': -5.125257337335043e-05, 'w0': 1.009195256382168, 'delta': 1.00904383023809, 'psi': 0.2}",{'sigma': 0.22690171969166004},0.0942065199583555
0.93,1.8483749620805434,1.2777358711770699,0.5706390909034735,0.4013008190163204,0.16104234734316955,0.4632639489026126,-0.45081441220576424,-0.5626419032243202,0.3140707707449976,0.3112639295814143,-1.3370442183567501,5.49870956464707e-40,1.0,6.043958607544184e-40,0.09598823591063516,"{'sigma': 0.5203642645123729, 'lam': -2.0853270375610515}","{'sigma': 0.06471303623137081, 'mu': -1.9157262336921832e-05, 'w0': 1.0211665800981269, 'delta': 1.0211099798110421, 'psi': 0.2}",{'sigma': 0.1928707614805979},0.054850420520362944
0.9400000000000001,1.289610249894531,1.2755943137555763,0.014015936138954688,0.3281981390303872,0.10771401846300935,0.4440841137186048,-0.5097018539234807,-0.46036996849360845,0.2572909151770163,0.2882315328580545,-1.3686133794957578,3.5495918429785842e-43,1.0,4.426457761341228e-43,0.08210941004965548,"{'sigma': 0.43737026014070207, 'lam': -2.172293113208126}","{'sigma': 0.05058454000040413, 'mu': -4.9929786414049104e-05, 'w0': 1.0336054693165222, 'delta': 1.0334579513572533, 'psi': 0.2}",{'sigma': 0.15759234100759575},0.04691966288551742
0.9500000000000001,1.2566841129537636,1.279293652671848,-0.022609539718084326,0.25827717047119075,0.06670709678660454,0.4288365373510258,-0.5629743613862097,-0.35175623534529904,0.2018911395299563,0.25832173741078257,-1.3856323256806193,4.930077154407317e-38,1.0,6.78448418472292e-38,0.11244080887076069,"{'sigma': 0.3519422261407632, 'lam': -2.245425112502444}","{'sigma': 0.0509805879074281, 'mu': -0.0766273123923713, 'w0': 1.075889792590418, 'delta': 0.8494937760995174, 'psi': 0.2}",{'sigma': 0.12384626147694447},0.03212594539164589
0.9600000000000001,1.1487901587096796,1.2870119350867464,-0.13822177637706679,0.1816537412634162,0.03299808171499616,0.41614348337237184,-0.6148200247330566,-0.23516138423895463,0.14114418755837382,0.19939296946589571,-1.42493565419152,1.5062952225190906e-40,1.0,2.1658043896921454e-40,0.05522702508323061,"{'sigma': 0.2523598063493137, 'lam': -2.308163673220463}","{'sigma': 0.03109206650835694, 'mu': -0.04704998457610121, 'w0': 1.1511257097798195, 'delta': 1.0121161484181438, 'psi': 0.2}",{'sigma': 0.08707267033453212},0.015779150023780164
0.97,1.383446259013888,1.2979221977156996,0.08552406129818846,0.06996172757480926,0.004894643325251825,0.407611521595972,-0.6586279484989135,-0.12565666188289643,0.053902913798601855,0.12071392627805208,-1.1046266291512619,9.241580642308482e-46,1.0,1.3310380433987916e-45,0.007512056393318119,"{'sigma': 0.09877596373077535, 'lam': -2.355494497314572}","{'sigma': 0.011158469003010207, 'mu': -3.186803584465103e-05, 'w0': 1.1676093245387096, 'delta': 1.1675151701681155, 'psi': 0.2}",{'sigma': 0.03358307384410291},0.0021463018266623182
0.98,1.3537423110351285,1.320686982570281,0.0330553284648476,0.015832068096427312,0.0002506543802099115,0.4053406440323875,-0.6416701838050128,-0.11134141433657899,0.011987755356257637,0.04902561978291337,0.05376655426069033,4.0636637617875566e-46,1.0,4.743755983488989e-46,0.0003206299804987318,"{'sigma': 0.022285959465157507, 'lam': -2.3455865609001316}","{'sigma': 0.002882846853680565, 'mu': -0.05070775856492937, 'w0': 1.167668007277128, 'delta': 1.0178515229732197, 'psi': 0.2}",{'sigma': 0.007604662268924653},9.160856585678045e-05
0.99,1.357972783162869,1.3463365477281322,0.011636235434736797,0.011441921221694167,0.00013091756124345536,0.40591212664166626,-0.6117054083107099,-0.12137521209516593,0.008498560368261075,0.03533393154436857,0.13095344316726817,1.9961460397457934e-43,1.0,1.7801469204203158e-43,0.00014398027915210062,"{'sigma': 0.015937066009556286, 'lam': -2.3212116025174057}","{'sigma': 0.002644100993165699, 'mu': -0.09933584154834696, 'w0': 1.159434825210563, 'delta': 0.8659462749902371, 'psi': 0.2}",{'sigma': 0.0054830792088432145},4.1137222614885865e-05
1.0,1.3718901347130636,1.3726756394997657,-0.0007855047867020293,0.0090107700327958,8.119397658393084e-05,0.40054381244877474,-0.5849236918539295,-0.12899622098211527,0.006564384532536958,0.040239187826625195,-0.13454391755559525,2.1685435441136663e-42,1.0,1.4063035452980468e-42,7.812498234302553e-05,"{'sigma': 0.012592330211513106, 'lam': -2.312854482969541}","{'sigma': 0.0024369878575771775, 'mu': -0.1358675742908435, 'w0': 1.1494196633619282, 'delta': 0.7479978122049664, 'psi': 0.2}",{'sigma': 0.004347925087811225},2.232142352657871e-05
1.01,1.417490240686171,1.3997359390304345,0.017754301655736437,0.008233255883450337,6.77865024423696e-05,0.402194224786746,-0.5682797107372682,-0.13757175041273498,0.005882007101368094,-0.013659605055029025,-0.21257989622678974,2.1812644692635403e-42,1.0,1.2330682414345862e-42,6.118302626806831e-05,"{'sigma': 0.011301028564751287, 'lam': -2.29202944332242}","{'sigma': 0.0022588599519717256, 'mu': -0.14398307383187414, 'w0': 1.1464274670310572, 'delta': 0.7210283066019776, 'psi': 0.2}",{'sigma': 0.003928120276876937},1.7480864648019506e-05
1.02,1.4339152166895672,1.4274453172614867,0.006469899428080517,0.007130620082504151,5.08457427610115e-05,0.4221465067645901,-0.49408885908475414,-0.22367494685182315,0.004995371835890997,0.01673799138968472,0.12553861516469997,7.859986666880574e-35,1.0,1.7415935930869573e-35,1.7577222041675514e-05,"{'sigma': 0.009466383904014528, 'lam': -2.185781373036417}","{'sigma': 0.002381153191737262, 'mu': -0.2077454137895567, 'w0': 1.0844114920218049, 'delta': 0.470625980592438, 'psi': 0.2}",{'sigma': 0.003404450575862923},1.0044126880957435e-05
1.03,1.4597008866805126,1.455891867657972,0.003809019022540605,0.006354825374775943,4.0383805543896205e-05,0.40754462516376483,-0.4938851676872622,-0.1736240356691076,0.004364902205007868,-0.04426839464843261,-0.004623036315516507,3.191443476487493e-31,1.0,5.595545666106741e-32,1.230529411005467e-05,"{'sigma': 0.008492332950239632, 'lam': -2.2099855265136963}","{'sigma': 0.002235725548465961, 'mu': -0.22991052548186408, 'w0': 1.1258393486318439, 'delta': 0.4465668347806895, 'psi': 0.2}",{'sigma': 0.003034473896184031},7.031596634316954e-06
1.04,1.4800192346996373,1.4851211079179785,-0.005101873218341213,0.006250106479589413,3.9063831006205575e-05,0.41540182463182085,-0.461022335580093,-0.21063651727587993,0.0042084827923642674,0.0181177723923793,0.06362360500935789,4.269459822989316e-36,1.0,5.938971447135586e-37,1.251548483321389e-05,"{'sigma': 0.008300531220012102, 'lam': -2.1678712239165634}","{'sigma': 0.0021855643110868517, 'mu': -0.22765037610996108, 'w0': 1.0898294252972374, 'delta': 0.4172345411122933, 'psi': 0.2}",{'sigma': 0.003007060825116372},7.151705618979365e-06
1.05,1.5215962800566862,1.5151100321290407,0.0064862479276455165,0.005459891845796944,2.9810418967799965e-05,0.40575018427549253,-0.4401384239838473,-0.1864298663112924,0.003603627535244995,0.00762296196000759,-0.09703408636701004,4.16990147923717e-31,1.0,2.3845943693242462e-32,5.014713658093637e-06,"{'sigma': 0.0071338066851056115, 'lam': -2.151679918935153}","{'sigma': 0.0021021096346749424, 'mu': -0.2790765858977906, 'w0': 1.080197652203501, 'delta': 0.2556636137445114, 'psi': 0.2}",{'sigma': 0.0026022777990620215},4.298325992651689e-06
1.06,1.5480688123653086,1.545916889793415,0.002151922571893561,0.0051858561632614625,2.6893104146036896e-05,0.4170604417777132,-0.401116538576415,-0.2191993876532236,0.003354550401106993,-0.02205699054161581,-0.09373908374821636,5.414143917081768e-28,1.0,2.1787203608761846e-29,4.236718063502583e-06,"{'sigma': 0.00674735334720766, 'lam': -2.105747613660801}","{'sigma': 0.002076426116185859, 'mu': -0.2935929687961798, 'w0': 1.060951779304141, 'delta': 0.19352896973409361, 'psi': 0.2}",{'sigma': 0.0024991849663562548},3.631472625859357e-06
1.07,1.5755728755292837,1.5776085061276506,-0.0020356305983668666,0.004794249937350318,2.2984832461783526e-05,0.3985200750617686,-0.38659281026798425,-0.21518368992919673,0.0030389352257878272,-0.039856391558807,-0.06087279557265442,2.5379508802956698e-24,1.0,4.7233182393077226e-26,2.831320242025251e-06,"{'sigma': 0.006214748238398431, 'lam': -2.1088930924270644}","{'sigma': 0.0020059074237122054, 'mu': -0.32716930884495943, 'w0': 1.0244608302378337, 'delta': 0.057836451435346437, 'psi': 0.2}",{'sigma': 0.002304462777433431},2.831320242025251e-06
1.08,1.606711354732416,1.6101481091349965,-0.0034367544025803998,0.004604198198039593,2.1198641046831035e-05,0.42641608362843,-0.332923958563364,-0.28619449777939143,0.0028594873248000627,-0.029379239236738006,-0.10318757570850087,1.5129448412065855e-26,1.0,2.5804062311101343e-28,4.517615821633238e-06,"{'sigma': 0.005753736202266343, 'lam': -2.0005964819084}","{'sigma': 0.001761394365548563, 'mu': -0.2839459626018792, 'w0': 0.9633212872839624, 'delta': 0.12440063582523253, 'psi': 0.2}",{'sigma': 0.0022114303775331943},3.011743881088826e-06
1.09,1.645137528274216,1.6436240287268897,0.0015134995473262691,0.004259227504507991,1.8141018935157365e-05,0.4242250814377623,-0.30152553456071585,-0.285393582424405,0.002591363704192831,0.050865267104005005,0.08268422953876416,7.823590989904194e-25,1.0,5.696255239213257e-27,2.247726780743199e-06,"{'sigma': 0.005259125603973166, 'lam': -1.989170005791164}","{'sigma': 0.0017234705242834547, 'mu': -0.3200297028672605, 'w0': 0.9614795045653811, 'delta': 0.015949149580262834, 'psi': 0.2}",{'sigma': 0.002033809315579149},2.247726780743199e-06
1.1,1.6790339785454123,1.6780642760265736,0.0009697025188386554,0.004031171895279474,1.625034684929111e-05,0.38280157054035696,-0.3373573759643184,-0.18813164286595888,0.002402274981898953,-0.0018418261954066019,0.0265585529662994,3.325358816501508e-22,1.0,1.5705502435803129e-24,1.486388761224595e-06,"{'sigma': 0.005198801638749681, 'lam': -2.0925549827794114}","{'sigma': 0.0017387097380785477, 'mu': -0.35582701310643183, 'w0': 1.0512937998075882, 'delta': 1.133635185723847e-09, 'psi': 0.2}",{'sigma': 0.0019440597614178827},1.6987300128281085e-06
1.11,1.7149201651024075,1.713505341607212,0.0014148234951956162,0.004047949989781754,1.6385899119774107e-05,0.4410580626676638,-0.25686030164631707,-0.27676697636885006,0.0023623796321570302,-0.03629746943042797,-0.04079966898156999,3.875292942879822e-23,1.0,7.242418565688792e-26,1.9471520413885554e-06,"{'sigma': 0.0048419175010084164, 'lam': -1.8770246582955386}","{'sigma': 0.0016184939127470432, 'mu': -0.3159493318986353, 'w0': 0.9334748664495877, 'delta': 6.139733166321548e-10, 'psi': 0.2}",{'sigma': 0.0019474294649507655},1.9471520413885554e-06
1.12,1.754608261166544,1.7500147617002397,0.004593499466304163,0.003818210874017106,1.4578734278462472e-05,0.43227109692955984,-0.24455621816535386,-0.2837829570119297,0.0021818163456815668,0.016945395919827425,-0.0446245032994008,3.474272627838981e-24,1.0,4.481265364348402e-27,1.6631987631247892e-06,"{'sigma': 0.0045870168383049794, 'lam': -1.9020353300657984}","{'sigma': 0.0015306740339513514, 'mu': -0.3230007938084951, 'w0': 0.9543084672891798, 'delta': 1.4277468096679513e-13, 'psi': 0.2}",{'sigma': 0.0018320358043176213},1.6631987631247892e-06
1.1300000000000001,1.7878043444376086,1.787598188235631,0.00020615620197750317,0.003714382643919443,1.379663842544999e-05,0.4432297521667292,-0.19233178992854438,-0.2838917512885526,0.0020778621695661153,-0.041660504748922404,0.20604677676471023,9.935821069865008e-17,1.0,2.7949211178428673e-20,1.3650908213047427e-06,"{'sigma': 0.0042946541145223215, 'lam': -1.805580096521215}","{'sigma': 0.0013743113141873042, 'mu': -0.2971267643615152, 'w0': 0.8778634380039535, 'delta': 7.502864995956315e-10, 'psi': 0.2}",{'sigma': 0.001779640966445307},1.638108985565691e-06
1.1400000000000001,1.824029199610063,1.8263486556710071,-0.0023194560609440806,0.0035687231933969558,1.2735785231089367e-05,0.4341264950572994,-0.21128369097533473,-0.2536253680378446,0.0019540206273277435,0.013578506318228328,0.04166140825881047,3.932008663999103e-15,0.999999999999996,1.1268840983814617e-18,1.1724906410644758e-06,"{'sigma': 0.004217861354978474, 'lam': -1.8291193857194208}","{'sigma': 0.0013755884100399296, 'mu': -0.31014855287915255, 'w0': 0.9163364183220257, 'delta': 1.1877079320044004e-09, 'psi': 0.2}",{'sigma': 0.001731622954422774},1.406988769277371e-06
1.1500000000000001,1.8591459845374825,1.8662836878065205,-0.007137703269038065,0.003505444958049394,1.2288144353913917e-05,0.4356294210872739,-0.19789698050439958,-0.2636842136373604,0.0018783022020228456,-0.10861895052098532,0.02498731334175914,3.2467129811623e-13,0.9999999999996754,4.82541766858646e-17,1.0885287450647282e-06,"{'sigma': 0.004063250266619947, 'lam': -1.8068960309930115}","{'sigma': 0.0012768716026110294, 'mu': -0.2947663895821244, 'w0': 0.8708896909682798, 'delta': 1.608324584623233e-10, 'psi': 0.2}",{'sigma': 0.0016834502611825116},1.3062344940776738e-06
1.1600000000000001,1.9036526284943052,1.9074874407537776,-0.0038348122594724643,0.0033916508470618343,1.1503295468375257e-05,0.45336331529870655,-0.1572151251222697,-0.30432040832154766,0.0017780725614358803,-0.03482347902964527,-0.06261585658072091,2.080087974747887e-15,0.999999999999998,6.285542981618215e-19,1.2724482967145421e-06,"{'sigma': 0.003865060492191741, 'lam': -1.7591754633491097}","{'sigma': 0.0012722651763019677, 'mu': -0.29994382288752197, 'w0': 0.8861864595466258, 'delta': 1.0199618927231313e-11, 'psi': 0.2}",{'sigma': 0.0016302111737718106},1.2724482967145421e-06
1.17,1.9524684076583132,1.9499959455750249,0.0024724620832883293,0.003191174018152517,1.0183591614131681e-05,0.4597398629606672,-0.10842156394350735,-0.23810320269435392,0.0016365028595049555,0.04625951115925205,0.22378047855779787,1.8313525902140444e-12,0.9999999999981686,6.079277597643014e-18,6.86297579133363e-07,"{'sigma': 0.0034863851507713167, 'lam': -1.632905053408236}","{'sigma': 0.0011262183813967042, 'mu': -0.2820241852699181, 'w0': 0.8332427448405967, 'delta': 1.0930945038012396e-10, 'psi': 0.2}",{'sigma': 0.0015496583086022097},1.098076126613381e-06
1.18,1.9958339155157592,1.9939082345142074,0.0019256810015517711,0.003172292287930144,1.0063438360061066e-05,0.4523501198390353,-0.0875703316208517,-0.2807411040213767,0.00159099202506188,0.022338429786798703,0.03044348316724371,4.089847584151531e-11,0.9999999999591012,3.6567647205005603e-16,8.982293946029105e-07,"{'sigma': 0.0034217235985088564, 'lam': -1.6348693632725348}","{'sigma': 0.0011037286752832998, 'mu': -0.27720314295218085, 'w0': 0.8190435383109078, 'delta': 4.460224252822442e-05, 'psi': 0.2}",{'sigma': 0.0015224376198998387},1.0778752735234925e-06
1.19,2.0414559209634606,2.0392527721423863,0.0022031488210743078,0.003168860980110484,1.0041679911266778e-05,0.456053412767479,-0.0736892928880701,-0.256186839349994,0.0015539324558749047,-0.07895298354669053,-0.07439871252881261,1.1614273379432465e-06,0.9999988385653749,7.287322950453105e-12,1.1154005500737584e-06,"{'sigma': 0.0033872390689354288, 'lam': -1.5907805046464394}","{'sigma': 0.0011591202589533722, 'mu': -0.2918188781740112, 'w0': 0.8622091776228489, 'delta': 2.7933197304763624e-05, 'psi': 0.2}",{'sigma': 0.0015347285340579573},1.1154005500737584e-06
1.2,2.0887204857534334,2.086133140320415,0.0025873454330183066,0.0031552203248458883,9.955415298320592e-06,0.4902785595720294,-0.04904921928287373,-0.23122461154234808,0.0015124731482259422,0.09537871234826754,0.06308653629921383,0.9978205575681944,0.002179252197378385,1.902344272342323e-07,7.087496435985961e-07,"{'sigma': 0.0031979695127389886, 'lam': -1.5099165501696377}","{'sigma': 0.0013331677590542323, 'mu': -0.38026928916957936, 'w0': 1.123539617160296, 'delta': 3.091544586508732e-05, 'psi': 0.2}",{'sigma': 0.0014964439575666844},9.449995247981283e-07
1.21,2.128405212865404,2.134625141098454,-0.006219928233050176,0.0029706415921225125,8.824711468848177e-06,0.4787995338953037,-0.05859581968476622,-0.2761388899409859,0.0013916454882306525,0.11002254123254959,0.2535353084566251,1.9923157836467916e-11,0.9999999999800768,4.2740236643238773e-17,5.76061973812358e-07,"{'sigma': 0.0030967876157621107, 'lam': -1.5547667467532211}","{'sigma': 0.0009990415127203445, 'mu': -0.2681854806952684, 'w0': 0.7923561801796661, 'delta': 4.50846915356351e-10, 'psi': 0.2}",{'sigma': 0.001422537974574324},9.216991580997728e-07
1.22,2.180367004984017,2.1847925851231738,-0.004425580139156615,0.0028345776154648796,8.034830258094563e-06,0.4703210019353983,-0.030853810637828515,-0.23296140888331868,0.0012974127208301455,-0.027733783418981188,0.16430477355755457,5.919120416118875e-06,0.999994080879173,4.1110740982579917e-13,4.984384080719911e-07,"{'sigma': 0.0028812172668807043, 'lam': -1.5155161875279035}","{'sigma': 0.0008999927177038014, 'mu': -0.2581993555399258, 'w0': 0.7628520919404511, 'delta': 4.6170400835876535e-11, 'psi': 0.2}",{'sigma': 0.0013511164106671555},7.975014529151857e-07
1.23,2.2359226900631675,2.236726830283578,-0.0008041402204104209,0.002884299328350869,8.319182615525274e-06,0.5140238978845915,0.009884754210672763,-0.2727575348676482,0.0012895179515238714,-0.05624817802147458,-0.04458873567957481,1.526868785168899e-08,0.9999999847313077,4.4120070305668836e-15,6.074322002272771e-07,"{'sigma': 0.0028174148071550146, 'lam': -1.409964607890648}","{'sigma': 0.0008948583316150671, 'mu': -0.2403196041929372, 'w0': 0.7100262225459342, 'delta': 1.146480244074155e-09, 'psi': 0.2}",{'sigma': 0.0013771484813468325},9.111483003409157e-07
1.24,2.289695139281278,2.2905436222780367,-0.0008484829967585483,0.002869413093868002,8.233531503261137e-06,0.493996227289158,-0.0212787035225852,-0.22641197453793396,0.0012527213663246692,0.007538790576669526,0.17492965047133807,2.4925484215044982e-05,0.9999750745146075,1.1774420839758728e-12,5.582877769455264e-07,"{'sigma': 0.002889368928021103, 'lam': -1.461959050947756}","{'sigma': 0.0009093439435430284, 'mu': -0.25160499901952393, 'w0': 0.7433690131907699, 'delta': 1.1661729359957462e-09, 'psi': 0.2}",{'sigma': 0.0013823775367146482},8.374316654182897e-07
1.25,2.3487035059044183,2.3463333383321876,0.0023701675722307414,0.002857958849872887,8.167928787566755e-06,0.49244885163189545,0.001491829913225358,-0.23080583863724466,0.0012180531862852372,0.04107828527136665,0.18583131890192697,7.360289032668548e-07,0.9999992639710731,2.3798072040427613e-14,5.665384272243923e-07,"{'sigma': 0.00284893228233964, 'lam': -1.4312354514341015}","{'sigma': 0.0009245485210396254, 'mu': -0.25507516706586664, 'w0': 0.7536216536821759, 'delta': 1.9953243501902307e-09, 'psi': 0.2}",{'sigma': 0.0013828247353154886},8.498076408365885e-07
1.26,2.4039934059215318,2.404192378874925,-0.00019897295339310617,0.002739191984025338,7.503172725348668e-06,0.5116665692592126,0.035596882849247134,-0.2200931976051766,0.001139339768912715,-0.06587258715490146,0.22048928225971184,0.023511798870251822,0.97648820024748,8.822682105654156e-10,6.542141365496434e-07,"{'sigma': 0.002593451081973895, 'lam': -1.3426579087507253}","{'sigma': 0.000778508065784278, 'mu': -0.21983226030568415, 'w0': 0.6494961976153641, 'delta': 3.8265390855940495e-11, 'psi': 0.2}",{'sigma': 0.001312715344039945},8.722855153995247e-07
1.27,2.459420081751772,2.4642818265636683,-0.004861744811896163,0.002638486499030459,6.961611005566009e-06,0.509873717180522,0.05253485062774351,-0.15947321996063774,0.0010706918648106445,-0.043444432194117484,-0.3010231347250287,0.999999960463444,3.9471916926489817e-08,6.463907039071674e-11,5.693330811844388e-07,"{'sigma': 0.0024428274955350143, 'lam': -1.2969874743816174}","{'sigma': 0.000981609497621383, 'mu': -0.3262672472884296, 'w0': 0.9639939803781686, 'delta': 3.4749766997466125e-05, 'psi': 0.2}",{'sigma': 0.0012678423006050165},7.591107749125851e-07
1.28,2.528628398147166,2.5266904333421962,0.0019379648049695497,0.002705770803292862,7.321195639952101e-06,0.5201351004350371,0.05939500672821041,-0.1750125334010223,0.0010708755091553583,0.010902565355185162,-0.06992908332158598,0.5433107698338402,0.45668923002213707,1.440226677772221e-10,5.214945012754575e-07,"{'sigma': 0.0025080133478362354, 'lam': -1.290201932433905}","{'sigma': 0.0008379432559084687, 'mu': -0.24523625076363564, 'w0': 0.7246035718184688, 'delta': 5.1078214659217025e-05, 'psi': 0.2}",{'sigma': 0.0013024431271458886},6.953260017006101e-07
1.29,2.5903018559437854,2.591589721832035,-0.0012878658882495841,0.0027611983728033024,7.624216453971605e-06,0.5511077727267318,0.10517299355076062,-0.13914978546794776,0.0010654458742092874,-0.017497110309810274,0.023768513264394383,0.9999999999722187,2.517980556693697e-11,2.6015266838278123e-12,3.993190696634747e-07,"{'sigma': 0.002435691408504668, 'lam': -1.191979496820198}","{'sigma': 0.0010663616303403511, 'mu': -0.3475480264383277, 'w0': 1.026871882683312, 'delta': 3.841732553366839e-05, 'psi': 0.2}",{'sigma': 0.001330177712589352},7.986381393269494e-07
1.3,2.657620678248804,2.6590856559707756,-0.0014649777219717386,0.0025628065823733535,6.567977578656189e-06,0.5087996372918512,0.08055052923443437,-0.19881022826516268,0.0009637923667974137,0.024132127623994037,-0.21143555764372657,0.9999981671477927,1.8320774153457132e-06,7.747919435945365e-10,5.402199465358624e-07,"{'sigma': 0.0023813392962609334, 'lam': -1.3042669262507454}","{'sigma': 0.000952449480679407, 'mu': -0.32080994818411024, 'w0': 0.9478696999088916, 'delta': 3.4103801444196336e-05, 'psi': 0.2}",{'sigma': 0.0012322128001837481},7.202932620478166e-07
1.31,2.7291825024341447,2.7293753624628074,-0.00019286002866270024,0.002531916241571308,6.410599854332578e-06,0.5136440857042197,0.06280567452072894,-0.14213207170098585,0.0009276541440120504,0.0460547712078337,0.04080277320116947,0.9999999999865592,6.5669647841858735e-12,6.873754363019082e-12,3.128237350246283e-07,"{'sigma': 0.002309969131008065, 'lam': -1.2729295543262296}","{'sigma': 0.0010231381209548918, 'mu': -0.3796230879006697, 'w0': 1.1217266932174776, 'delta': 0.00012719839762498353, 'psi': 0.2}",{'sigma': 0.0012126434768712662},6.256474700492566e-07
1.32,2.8002193641029254,2.8026379932914507,-0.002418629188525312,0.0026014420195396314,6.767500581026436e-06,0.5420788478996964,0.12759241977148436,-0.13624317447339293,0.0009282119606015666,-0.12198252705099515,0.15474640519870977,0.9999999999998661,1.484727414611826e-17,1.337960198411739e-13,3.3089572874852936e-07,"{'sigma': 0.0022472404834817314, 'lam': -1.1618487382790441}","{'sigma': 0.0011430033189216982, 'mu': -0.4812172826544594, 'w0': 1.4217833085412195, 'delta': 2.2940623218170586e-05, 'psi': 0.2}",{'sigma': 0.0012523396017592363},6.617914574970587e-07
1.33,2.8810867637835833,2.8790278816074455,0.0020588821761378107,0.0025382591978126085,6.442759755280307e-06,0.5430819681530814,0.10294098113039951,-0.11117176795270614,0.000881637625041178,0.04023010304395877,-0.08859297235763872,0.9999999999999998,7.740281113569811e-20,2.618902864337819e-16,3.1656492275217424e-07,"{'sigma': 0.002160602074170848, 'lam': -1.1327114500632058}","{'sigma': 0.0011333870609759877, 'mu': -0.47520594261883065, 'w0': 1.4040312059137778, 'delta': 3.13909285203362e-05, 'psi': 0.2}",{'sigma': 0.0012220696130065597},6.331298455043485e-07
1.34,2.961110673200983,2.958783213584468,0.0023274596165152595,0.0024466450891212437,5.986072192121099e-06,0.5329646875828247,0.11243138444771221,-0.11526627501751188,0.0008269092066277671,0.12087962720262449,0.17643067978680574,0.9999999999999174,7.503376359675162e-18,8.251078781654237e-14,2.827201919456744e-07,"{'sigma': 0.00213124857019544, 'lam': -1.1970060182693707}","{'sigma': 0.0010984548865708987, 'mu': -0.4974595769959109, 'w0': 1.4697866993809199, 'delta': 3.8340983124385275e-05, 'psi': 0.2}",{'sigma': 0.0011668291446399067},5.654403838913488e-07
1.35,3.0395768684279414,3.042147994724286,-0.0025711262963445947,0.002493859054856064,6.2193329854875806e-06,0.5604244865963929,0.17917608245826155,-0.04324297557398773,0.0008197690751760206,0.0012203931116520235,-0.052326643732680464,0.9999999974093652,2.5906338306986265e-09,7.887604483063984e-16,3.4256723633014666e-07,"{'sigma': 0.001960797691422932, 'lam': -1.0107962787381886}","{'sigma': 0.0005977752145158721, 'mu': -0.17829579355987213, 'w0': 0.5267763695064577, 'delta': 1.0507350545196914e-10, 'psi': 0.2}",{'sigma': 0.0011971239097959667},6.851344726602933e-07
1.36,3.1292689592526703,3.1293102677886337,-4.130853596340245e-05,0.0024324348066008736,5.91673908836343e-06,0.5492586346922543,0.15108903595464365,-0.09962020938103533,0.0007773070123071419,-0.06483595209072934,-0.12744221656711804,0.999999999999764,1.1960009675562278e-15,2.3497041553568933e-13,3.183581572765993e-07,"{'sigma': 0.0020489230853754006, 'lam': -1.1155585474384715}","{'sigma': 0.0009911863504967755, 'mu': -0.4071623106061033, 'w0': 1.2030034015952564, 'delta': 3.904974060797706e-05, 'psi': 0.2}",{'sigma': 0.0011714430835669002},6.367163145531986e-07
1.37,3.2209416101193415,3.220603795407074,0.00033781471226745907,0.002326993794271992,5.414900118580361e-06,0.5197777520970756,0.13924113612443223,0.01174902583075667,0.0007225333709633802,-0.040698303539176375,0.20760145471113128,0.9999999999999996,4.781939456838791e-16,6.853901493349961e-18,2.582155747492423e-07,"{'sigma': 0.0018992545838495084, 'lam': -1.10029738534435}","{'sigma': 0.0005246237983509427, 'mu': -0.17893509135730046, 'w0': 0.5286651800658121, 'delta': 1.3238077301025442e-10, 'psi': 0.2}",{'sigma': 0.0011082660308732726},5.164311494984846e-07
1.3800000000000001,3.3182635386558395,3.3162682096848783,0.0019953289709611077,0.002357829719141155,5.559360984465258e-06,0.5430798265153017,0.1720520971684701,0.0021225019115533395,0.0007109888347699596,0.06008615756248092,-0.036746000142672486,1.0,1.5308995973221116e-19,4.874559146096697e-18,2.837495556849725e-07,"{'sigma': 0.0018577610733434557, 'lam': -1.047125117283564}","{'sigma': 0.0008720209043981964, 'mu': -0.3608865216934307, 'w0': 1.066261554138762, 'delta': 1.9396273601035574e-05, 'psi': 0.2}",{'sigma': 0.0011155476381863921},5.67499111369945e-07
1.3900000000000001,3.4174928667991797,3.416677124206986,0.0008157425921937467,0.0023928637965501425,5.725797148840361e-06,0.5597149838215661,0.16280602881842013,-0.08711999805679657,0.0007003482188605131,-0.053312861975486715,-0.022477865380375755,0.9999999999999865,8.247696330593498e-17,1.3522067707367292e-14,2.975710350150542e-07,"{'sigma': 0.0019988870931955715, 'lam': -1.1201250846899846}","{'sigma': 0.0009853734636113831, 'mu': -0.41450455891522076, 'w0': 1.2246931477497134, 'delta': 3.6063664556218455e-05, 'psi': 0.2}",{'sigma': 0.0011398513285923143},5.951420700301084e-07
1.4000000000000001,3.5235391838970207,3.522125689158668,0.0014134947383528385,0.0023428442157538013,5.4889190192910445e-06,0.5753990522362595,0.23854699008424252,0.01638725836907013,0.000665179088467856,0.026149128338693522,-0.07228953884380285,0.9999999998140023,1.8599739169127376e-10,1.1203908460277115e-16,2.7389024962998544e-07,"{'sigma': 0.0017818611959037763, 'lam': -1.011794159469399}","{'sigma': 0.0005410352043742073, 'mu': -0.17821150260519159, 'w0': 0.5265273311633293, 'delta': 7.178657668305277e-11, 'psi': 0.2}",{'sigma': 0.001089950877300666},5.477804992599709e-07
1.4100000000000001,3.630172042101409,3.633129434064834,-0.002957391963425149,0.002451233936270837,6.008547810325822e-06,0.5818245547188919,0.21566201681445535,-0.016062439653020764,0.0006746894563271384,-0.002803736473489553,-0.042843691263215,1.0,3.3626628479645106e-19,3.314609172042328e-17,3.15385435626005e-07,"{'sigma': 0.0018774026426302479, 'lam': -0.9979167501819033}","{'sigma': 0.0009342455844889574, 'mu': -0.3814497835188895, 'w0': 1.1270451194501472, 'delta': 4.863759793294342e-05, 'psi': 0.2}",{'sigma': 0.0011531556683777753},6.3077087125201e-07
1.42,3.7504001532780875,3.7500814271196576,0.00031872615842987173,0.0023662830628278318,5.599295533425865e-06,0.5729570051844634,0.22316929801227203,0.07776774316482557,0.0006309950012514361,0.035452358807362284,0.08089260003195953,1.0,1.3729996989587046e-18,6.6854149429545e-21,2.96184417633807e-07,"{'sigma': 0.0017504862521290183, 'lam': -0.9543632784042213}","{'sigma': 0.0005306286714046315, 'mu': -0.1772071766795662, 'w0': 0.5235600420257068, 'delta': 3.4111158342398085e-11, 'psi': 0.2}",{'sigma': 0.0011160998375587617},5.92368835267614e-07
1.43,3.8341175565235055,3.832724024779729,0.0013935317437763217,0.0015730093255756769,2.474358338348046e-06,0.5954136414431395,0.34857851995548417,0.27322776370579704,0.00041041606353106396,-1.252797600111299,1.7365880098824944,1.0,9.442789638321903e-17,7.564446315219252e-17,7.697959028410165e-08,"{'sigma': 0.0011726873775257784, 'lam': -1.2685996111150184}","{'sigma': 0.00029242204532620164, 'mu': -0.18052745963618388, 'w0': 0.5333698449589362, 'delta': 1.9381385385486283e-11, 'psi': 0.2}",{'sigma': 0.0006304657997460977},1.539591805682033e-07
1.44,3.8321729548994137,3.831219341414603,0.0009536134848104894,0.0011072372670801042,1.225974365611018e-06,0.38190140396815064,0.07389303171807016,-0.012515611907094113,0.0002890039013543953,-0.941655701620819,1.1357136562966537,0.9999999999999865,5.184680465847825e-22,1.3462423785642082e-14,4.1503558573242236e-08,"{'sigma': 0.0011468887719044423, 'lam': -1.650401021473397}","{'sigma': 0.0005239598272568369, 'mu': -0.564320869764056, 'w0': 1.6673136926237542, 'delta': 2.3101991190710436e-05, 'psi': 0.2}",{'sigma': 0.0005186107367955768},8.300711714648447e-08
1.45,3.829801279746228,3.829065543441298,0.000735736304930068,0.0011640140051299,1.3549286041385512e-06,0.41847858370049396,0.11532235513409414,0.003609109516204916,0.00030399426275553535,-0.9729216885486296,1.0808310822451346,1.0,3.4386663732369464e-18,8.508766488450277e-17,5.5740034893805556e-08,"{'sigma': 0.0010879607550537441, 'lam': -1.4128375728171394}","{'sigma': 0.00029909166501074225, 'mu': -0.23111492186477456, 'w0': 0.6828309130544462, 'delta': 3.1320990245831126e-10, 'psi': 0.2}",{'sigma': 0.000546371069919528},1.1148006978761111e-07
1.46,3.82550582526533,3.827080670368589,-0.0015748451032591149,0.0011341828016924415,1.286370627654916e-06,0.38664429265351336,0.0775957875235565,-0.008100199253820444,0.0002963572206090051,-1.096200108311468,1.539161310703077,0.9999999999999987,7.081485366377746e-21,1.2891241503410987e-15,4.589495602943922e-08,"{'sigma': 0.0011394326171403596, 'lam': -1.5808611202967766}","{'sigma': 0.0004735767549710612, 'mu': -0.4572039993755166, 'w0': 1.3508652746011423, 'delta': 5.23470603066567e-05, 'psi': 0.2}",{'sigma': 0.0005304991505531795},9.178991205887844e-08
1.47,3.8234630081119816,3.8250065350505165,-0.0015435269385348782,0.0010927275735489199,1.19405354999411e-06,0.3646012576650043,0.12236770265249387,0.05446384658286859,0.0002856798976866925,-0.9901431921856955,1.4430233275032156,0.9999999999999858,3.3091839584983123e-19,1.4245583521701537e-14,4.706853386571964e-08,"{'sigma': 0.0010783156797279003, 'lam': -1.553293272492686}","{'sigma': 0.00022849087774501342, 'mu': -0.18409008073161637, 'w0': 0.5438956383302297, 'delta': 4.4439030233434096e-10, 'psi': 0.2}",{'sigma': 0.0005120319136755338},9.413706773143928e-08
1.48,3.8224664263351644,3.822870567677391,-0.0004041413422264384,0.0011173977902611367,1.2485778216804714e-06,0.3863313127990396,0.08767363693103106,-0.009655119684237287,0.00029229288955990966,-1.00686663067967,1.2990859736942983,0.9999999999999938,1.6540491727780757e-23,6.3155579543410455e-15,4.7629048071544735e-08,"{'sigma': 0.0011319303882520151, 'lam': -1.5791408693512803}","{'sigma': 0.0005841598797662328, 'mu': -0.6732902383498558, 'w0': 1.9892697167174223, 'delta': 2.8242031540282042e-05, 'psi': 0.2}",{'sigma': 0.0005276375382348819},9.525809614308947e-08
1.49,3.818680385024347,3.820675460220676,-0.0019950751963286883,0.0011389872370446993,1.2972919261507183e-06,0.4029084493285412,0.11390645464394793,-0.02688675378337807,0.00029811145760349356,-1.0828928715119106,1.7871910088411935,0.9999999999999953,1.5102871685116303e-16,4.541553285656273e-15,4.715938357844144e-08,"{'sigma': 0.0010880026581139267, 'lam': -1.4717338546355259}","{'sigma': 0.000282074528497267, 'mu': -0.22100291812696704, 'w0': 0.6529549156633844, 'delta': 5.040745598705598e-11, 'psi': 0.2}",{'sigma': 0.0005334205799704849},9.431876715688288e-08
1.5,3.816879714066892,3.818553038392832,-0.0016733243259401398,0.0011289178143233413,1.2744554314965903e-06,0.3821466673638206,0.08955529692466804,0.032747065510995065,0.0002956402199156948,-1.0052586084945483,1.144867001663742,1.0,1.3302412439776809e-25,4.4461527338333855e-17,4.799137164601764e-08,"{'sigma': 0.0011075589661724008, 'lam': -1.541761899778204}","{'sigma': 0.0005709686190942254, 'mu': -0.6478611875496474, 'w0': 1.9141349465455906, 'delta': 2.3808871046471225e-05, 'psi': 0.2}",{'sigma': 0.0005259526565259643},9.598274329203528e-08
1.51,3.815851255838679,3.8163251500884514,-0.0004738942497723997,0.0011348860722229265,1.2879663969255816e-06,0.38367813088407926,0.07470358165824058,-0.03547071504824373,0.00029737662216539973,-1.0909682673170225,1.734176336413861,0.9999999999999514,3.373658520685159e-20,4.868252368342892e-14,4.750723312006027e-08,"{'sigma': 0.0011592907452205017, 'lam': -1.6216992078777956}","{'sigma': 0.0004953089232317964, 'mu': -0.496415422677541, 'w0': 1.4667062530985755, 'delta': 4.285711040052931e-05, 'psi': 0.2}",{'sigma': 0.0005300914136772612},9.501446624012054e-08
1.52,3.8143210780154204,3.814148880835931,0.00017219717948924185,0.0011133743291768118,1.2396023968699157e-06,0.3834957460882555,0.08374957147455134,-0.015471324904505198,0.00029190639859251016,-1.0574512843624102,1.3761375157406575,0.9999999999999996,1.908136884134814e-26,4.1219584397604595e-16,4.098660059554407e-08,"{'sigma': 0.0011212173525288805, 'lam': -1.5879591838828477}","{'sigma': 0.0006777994095044093, 'mu': -0.879071731132252, 'w0': 2.5972303103084036, 'delta': 5.744751078173849e-06, 'psi': 0.2}",{'sigma': 0.0005212641944291771},8.197320119108813e-08
1.53,3.811267664542862,3.8118620384936177,-0.0005943739507556778,0.0011187774242183376,1.251662924940618e-06,0.40683609352612987,0.1133662976071665,-0.01944611947464726,0.00029349891285460706,-1.0446456587727788,1.545874581661862,1.0,5.948775047619181e-19,4.529040962468809e-17,4.1495622744070304e-08,"{'sigma': 0.0010906661233123494, 'lam': -1.5272139709574806}","{'sigma': 0.0003303937390302103, 'mu': -0.28313944123031143, 'w0': 0.836537777775554, 'delta': 2.5611557319393796e-10, 'psi': 0.2}",{'sigma': 0.0005204953930556481},8.299124548814061e-08
1.54,3.8097635809687698,3.8096662074811487,9.737348762106635e-05,0.001084458291946071,1.1760497869705899e-06,0.33651361271974245,0.08359613300244317,-0.010868406014232888,0.0002846596438707729,-1.0251030796050653,1.272034055434154,0.9999999999996378,4.869626059056988e-18,3.622419965895917e-13,4.0513375833786196e-08,"{'sigma': 0.0011754273175989417, 'lam': -1.784424170560859}","{'sigma': 0.0002677225738245692, 'mu': -0.23019728628494907, 'w0': 0.68011975097982, 'delta': 8.149925179168349e-12, 'psi': 0.2}",{'sigma': 0.0005060081287589846},8.102675166757239e-08
1.55,3.805930594830487,3.807374487520523,-0.001443892690035753,0.0010526699180721335,1.1081139564139925e-06,0.3380070385380184,0.051756856786623964,-0.017895598839381632,0.00027648184377635025,-1.1605232299244883,2.3040298198569062,0.9999999999999727,7.410469830934748e-25,2.730158115553094e-14,3.870157823681197e-08,"{'sigma': 0.001131390920962643, 'lam': -1.7253050928796707}","{'sigma': 0.0006232424644547763, 'mu': -0.81894238377287, 'w0': 2.4195911746957286, 'delta': 1.9254015936498448e-05, 'psi': 0.2}",{'sigma': 0.0004972140365685581},7.740315647362394e-08
1.56,3.8045953857173767,3.8050631779020936,-0.00046779218471693085,0.0010393956303395232,1.0803432763688948e-06,0.33445505516104984,0.07888726134817595,0.008436193755510123,0.0002731611868538334,-1.0894621092875263,1.5876613040410312,0.9999999999999996,1.8380681471871377e-27,4.163737080380633e-16,3.80095364268054e-08,"{'sigma': 0.0011378940926992044, 'lam': -1.7622399484809095}","{'sigma': 0.0006257501933637499, 'mu': -0.8275123777067066, 'w0': 2.444902699894235, 'delta': 1.0662569389419119e-05, 'psi': 0.2}",{'sigma': 0.0004939992085560328},7.60190728536108e-08
1.57,3.801512545256081,3.8027120028396997,-0.0011994575836187238,0.0010720031490800979,1.1491907516376466e-06,0.3275210031116253,0.09279857166471212,0.0073192902840433175,0.0002819049243157234,-1.2531772699084707,2.5601886706889885,0.9999999999999782,1.2902535331183273e-25,2.1692090260790656e-14,4.0077464850707453e-08,"{'sigma': 0.0011668084991608894, 'lam': -1.764177297489573}","{'sigma': 0.0006434322811255111, 'mu': -0.8241121248829695, 'w0': 2.4348576101951727, 'delta': 1.164743985149208e-05, 'psi': 0.2}",{'sigma': 0.0005070310851259727},8.015492970141491e-08
1.58,3.798558817746568,3.800366814298433,-0.001807996551864921,0.001036544109930468,1.0744236918315461e-06,0.3334829866692343,0.08712355455332983,0.019605667400859603,0.00027274843225191456,-0.9888707251687369,1.1678498777024282,0.9999999999999996,2.0113966511418255e-22,4.451772917468584e-16,4.02986794977565e-08,"{'sigma': 0.0011313245372467208, 'lam': -1.7712686409851017}","{'sigma': 0.00034278438238755093, 'mu': -0.3419061701436481, 'w0': 1.0101645584327, 'delta': 3.295720807372504e-09, 'psi': 0.2}",{'sigma': 0.0004895368979814225},8.0597358995513e-08
1.59,3.7969955321875166,3.798018836708008,-0.001023304520491486,0.0010208750453546643,1.0421858582278882e-06,0.3511195210941006,0.08512338215623745,0.020980814466366265,0.00026879145729864106,-1.0227882788029274,1.498183833313613,1.0,8.126395049322582e-30,1.9878927992392545e-18,3.5840536919891605e-08,"{'sigma': 0.0010963241036129766, 'lam': -1.7269143527303619}","{'sigma': 0.0006175957111054231, 'mu': -0.8407654473290678, 'w0': 2.484060554513402, 'delta': 1.2215406558269137e-05, 'psi': 0.2}",{'sigma': 0.0004823225614655289},7.168107383978321e-08
