Dilution rate,Species,Sample,Variance,Lag-1 AC,Lag-2 AC,Lag-10 AC,AIC fold,AIC hopf,AIC null,Smax
0.04,Brachionus,1,2.570397570740802,0.4763836718260786,0.4214280962779166,-0.26034608583655505,4.604883635937738e-07,0.9999995395116099,2.635861112645968e-14,0.41033977790505505
0.04,Brachionus,2,2.6347809198229153,0.3500140002964149,0.3644607770121924,-0.1099981153140234,0.9999968316770192,9.996105077570768e-12,3.1683129844736395e-06,0.2781653719440338
0.04,Brachionus,3,2.72086920115479,0.42873999228147436,0.3803066455437164,-0.1495126816105227,1.1089205295368705e-09,0.9999999988910788,5.911644118339182e-16,0.41083856638208266
0.04,Brachionus,4,2.629252958905273,0.3902188843755731,0.43348028434205804,-0.11580858964942606,1.0,7.965421379641399e-19,5.885723029852189e-18,0.4816022561918172
0.04,Brachionus,5,2.690006700071437,0.39997574290299986,0.358932655209441,-0.2228265001777371,0.9909090522528865,1.3360021303589393e-08,0.009090934387092223,0.3282104180121764
0.04,Brachionus,6,2.7018256974212,0.37255603876134447,0.24987325799994006,-0.028493066710911903,0.9798214671966481,8.905301469256252e-10,0.02017853191282183,0.19221364496839977
0.04,Brachionus,7,2.3971625855913326,0.3234124881408769,0.3228254395871625,-0.12095848217101333,0.9643649770000311,0.004247786183177983,0.03138723681679106,0.3207313901277658
0.04,Brachionus,8,2.5835611824192117,0.44629498603893236,0.4232920992256779,-0.1281993509964068,0.00010307244082741464,0.9998969274557005,1.0347212287223825e-10,0.42605253558241046
0.04,Brachionus,9,2.553961342927122,0.37244040524469985,0.36858315148410464,-0.1143210952731536,8.723213945311865e-08,0.9999999127671001,7.604659564108352e-13,0.4497433361702863
0.04,Brachionus,10,2.7696537739478133,0.401330700173251,0.36533317686276406,-0.12548989453827997,5.184754062988984e-10,0.9999999994815163,8.273436552701382e-15,0.45031152970868965
0.04,Brachionus,11,2.6911263096814055,0.4138237673525917,0.4032410952314641,-0.07225624605723562,0.9999834351880778,1.974567721294209e-06,1.4590244200784053e-05,0.3415003479819371
0.04,Brachionus,12,2.3444078097231613,0.36084202018474526,0.3714516151068717,-0.10741448596511792,0.999963283708983,3.1879155501028125e-11,3.6716259137833634e-05,0.28080830325108735
0.04,Brachionus,13,2.5843517260998348,0.4947874581542373,0.44424780283434756,-0.17297772554045823,0.9999999926724445,8.734649598876349e-10,6.454090569873991e-09,0.3512973108347346
0.04,Brachionus,14,2.3562997410178874,0.34384505772484025,0.35050447037042576,-0.16427947696521347,5.582710976346094e-07,0.9999994417232366,5.66569522977482e-12,0.43538308859808766
0.04,Brachionus,15,2.4167201721747613,0.3439656850274988,0.34487838831972045,-0.044285586716315765,0.9999999983096244,2.0149712963841153e-10,1.4888785418150725e-09,0.2887625965863803
0.04,Brachionus,16,3.1165924062728974,0.4767321666507799,0.31482182138258635,-0.1425697403441379,0.17802156474005024,0.8219783781428773,5.7117072347801056e-08,0.3602700265961254
0.04,Brachionus,17,2.330848770980222,0.4147745904714383,0.35006189219723893,-0.15399014688996812,0.9998251731234411,2.0839788961890893e-05,0.0001539870875969051,0.3029820993537799
0.04,Brachionus,18,2.5404061556547406,0.2592895581381519,0.36991776655249436,0.06499310472898234,0.9988343785113395,3.8882074916128926e-08,0.0011655826065858127,0.29363643830589475
0.04,Brachionus,19,2.8373350784233606,0.35265482011577787,0.3174022690787898,0.0031060978670993575,0.9998546442785463,4.895922381780591e-10,0.0001453552318614229,0.3322887603455419
0.04,Brachionus,20,2.59666660277198,0.2854139282087886,0.35875742892164664,-0.026164619696443087,0.9999813661272668,2.221208489381041e-06,1.641266424388165e-05,0.36625963989625276
0.04,Chlorella,1,0.02079966694596183,0.5486288970126888,0.32896894764073487,-0.1802775773466094,7.351647517067788e-10,0.9999999992648352,9.529935291729773e-17,0.003262995828796364
0.04,Chlorella,2,0.017409400544579515,0.4770506873281345,0.35187688016863444,-0.030299697076455287,9.417308070004581e-07,0.9999990582683072,8.858358012327211e-13,0.0024247371937572656
0.04,Chlorella,3,0.018333547854433873,0.5002825792707943,0.36587236819514274,-0.19378193893092113,2.5861721205385924e-15,0.9999999999999973,6.845426391294395e-20,0.003707712236918415
0.04,Chlorella,4,0.016754973965375227,0.5621180632357716,0.31047966433684226,-0.12028415430051095,0.0004985900797467365,0.9995014098252918,9.496161643793546e-11,0.002398130598331886
0.04,Chlorella,5,0.018007244188079183,0.3858433283648099,0.371961177018074,-0.17417393895179245,0.9995898589783708,4.888987561453476e-05,0.0003612511460147589,0.0031702692495580447
0.04,Chlorella,6,0.017173201259699174,0.47819903432774746,0.31347629832170737,-0.2735326071416875,2.1846919449486507e-06,0.9999978153019214,6.1338074631387986e-12,0.0026931747849230016
0.04,Chlorella,7,0.01833354785443387,0.5035981848514656,0.3831860682043183,-0.20243346639156623,2.315109511980815e-13,0.9999999999997684,8.1463065577825125e-19,0.003528761212826329
0.04,Chlorella,8,0.019600021215697174,0.5369943930619864,0.32737473232347303,-0.06740217728731433,0.0019633008290437927,0.998036699168293,2.663355842764195e-12,0.0029824094716622454
0.04,Chlorella,9,0.019354517273856568,0.6186832471449404,0.4115803182922765,-0.12805046915940937,1.8028680867454886e-12,0.999999999998197,3.249696163797892e-16,0.0038158540806143165
0.04,Chlorella,10,0.018382747842548428,0.4624432392683648,0.3555057054350858,-0.23053450964392938,4.51245521703732e-06,0.9999954874360227,1.0876038013175949e-10,0.002697622618218215
0.04,Chlorella,11,0.018333547854433873,0.4977079852708773,0.3534763326671424,-0.06984816573174249,2.0783064221846276e-08,0.9999999792161984,7.374138186212362e-13,0.0024120075089774525
0.04,Chlorella,12,0.01737313529767803,0.54026495653758,0.2631590193477769,-0.041328478738231714,1.902869318744697e-18,1.0,4.202292907415627e-22,0.003945615904627682
0.04,Chlorella,13,0.016614485435578443,0.3242551523726126,0.3236741984984326,-0.22738964975802572,0.07783272888744716,0.9202009700384692,0.001966301074083713,0.002046315505797789
0.04,Chlorella,14,0.019713486351696702,0.6082553284679514,0.39285184587871,-0.32874434930797364,3.837604325803405e-14,0.9999999999999616,2.1106837666751135e-22,0.004448697033797497
0.04,Chlorella,15,0.01868261872501599,0.34134149133058933,0.31973829735136255,-0.3697486740523201,5.2812228578361e-05,0.9999471810137233,6.757698374874456e-09,0.002631457027053247
0.04,Chlorella,16,0.018811013499483772,0.4858702515657735,0.218382352683194,-0.09296877244982697,0.9998984208910491,7.394573997907231e-07,0.00010083965155108125,0.0016575048089969853
0.04,Chlorella,17,0.019417305265452697,0.42266886051932817,0.2810861722227837,-0.3343579107990793,0.9940973658665366,0.005828428261642701,7.420587182051763e-05,0.0019790104306659714
0.04,Chlorella,18,0.0183068583088385,0.44119809155691075,0.2791609808224743,-0.517473763051486,0.9996077407942857,9.547244787689942e-05,0.0002967867578373931,0.003436069263788302
0.04,Chlorella,19,0.018423177486427366,0.6527621549960941,0.33930649767899457,-0.14755904472519854,1.0804173608222864e-19,1.0,2.8145869913082433e-24,0.004392888573999605
0.04,Chlorella,20,0.015645767424160514,0.34320322330716785,0.3132944085179547,-0.03218832072443885,3.0025518479227265e-11,0.9999999999699745,2.9151888576759516e-17,0.0029631370561377123
0.07,Brachionus,1,6.604437225574021,-0.45096803161467325,0.23844881121569653,-0.2567786066374744,4.102483138104032e-13,0.9999999999503362,4.925353411180671e-11,0.9637430461449117
0.07,Brachionus,2,8.57239186142476,-0.37553307745593995,0.17647995098133937,-0.05109365488293175,1.9078134120763848e-11,0.9999999877216695,1.2259252313696597e-08,1.4318848806223863
0.07,Brachionus,3,9.650467513395347,-0.36454693574422475,0.18200285743687306,0.16278981798465572,7.322295391215493e-12,0.9999999914086116,8.584066131077747e-09,1.116407894384476
0.07,Brachionus,4,9.506586148578787,-0.3290175488788436,0.1452737309270883,-0.24370755357155097,1.262040921523955e-16,0.9999999999999918,7.927138281642836e-15,2.0700652181728687
0.07,Brachionus,5,7.328464510739882,-0.3274018818840585,0.09004490928813437,0.02214123720847297,3.843584876789609e-08,0.99997870837429,2.125318986123109e-05,1.0434576666766502
0.07,Brachionus,6,9.215704561641147,-0.3593138587207089,0.2139510092382488,-0.20167123193804487,4.793948916650948e-13,0.9999999998670648,1.3245576368734955e-10,1.6201232540504193
0.07,Brachionus,7,9.031083353091626,-0.36366038250910127,0.21705529618022262,-0.07358395648316612,1.2090537575705318e-14,0.9999999999976301,2.3578598825859128e-12,1.5736888278546393
0.07,Brachionus,8,9.230805354131203,-0.3567151358369001,0.190047400573906,-0.057556915069071866,3.736959846420895e-14,0.9999999999822966,1.7666056323698272e-11,1.129896955588963
0.07,Brachionus,9,8.691513690452192,-0.4003912496820339,0.24936344780724526,-0.2583087673547525,1.461835840709828e-17,0.9999999999999984,1.5802509971257747e-15,1.9958134853114273
0.07,Brachionus,10,6.692097667468953,-0.29799364031787307,0.09180852221147058,-0.012185553697796036,7.82309253618601e-11,0.9999997875089969,2.1241277213073528e-07,0.6736538195941063
0.07,Brachionus,11,9.955412209576716,-0.34519518024236157,0.28738957388814496,0.10430305113159603,0.004794253123856075,0.45950972439607896,0.535696022480065,1.182527992982986
0.07,Brachionus,12,11.4964384970678,-0.41870759719656775,0.25976140111691887,-0.20886092583357208,1.4286080937469296e-08,0.9999980111812298,1.9745326891152907e-06,1.4741884990417828
0.07,Brachionus,13,8.90633921640237,-0.3204147276275111,0.09567125409867433,0.07540177646992588,0.0002535287375005308,0.931056452913508,0.06869001834899138,1.1511976408410667
0.07,Brachionus,14,11.320174038953486,-0.38478953390464754,0.18871980439209382,-0.027018390768700763,2.1162466668042065e-17,0.9999999999999976,2.4682524109270526e-15,2.165541118934194
0.07,Brachionus,15,9.230805354131197,-0.35336997252605923,0.1502507296792483,-0.015623230335821093,1.2011830594971467e-09,0.999999753893928,2.4490488886678255e-07,0.9869591979312353
0.07,Brachionus,16,6.499367938825969,-0.3617127485973906,0.19862981111029948,-0.03752342354971515,3.190057247567405e-23,1.0,1.592408917046657e-20,1.542952366194713
0.07,Brachionus,17,9.375186079648968,-0.38286651736040306,0.1704439723613603,-0.19710529519818948,1.7223443648574092e-07,0.9998885870233125,0.00011124074225108065,0.8696417098395333
0.07,Brachionus,18,9.889625386081264,-0.2878769046010626,0.10086424914118747,0.03230573062400668,0.0010714943857618629,0.8300964340836158,0.16883207153062255,0.9637462112775638
0.07,Brachionus,19,10.683568933420977,-0.3705868172111927,0.22005623989679943,-0.0673289848160945,1.6302829951019433e-05,0.9934695747702633,0.006514122399785616,0.9827292850611035
0.07,Brachionus,20,8.786650097746133,-0.345996932931756,0.10837900741034083,-0.2048425728616122,1.1685635136747192e-07,0.9999743320753859,2.5551068262892758e-05,0.9226116049783506
0.07,Chlorella,1,0.01937092575839822,0.08569860006829715,-0.007690013835189312,0.33137336037742215,0.026814970907854344,0.0860200659067756,0.8871649631853701,0.0014747747319039757
0.07,Chlorella,2,0.01542547846267873,-0.015161617329610563,-0.07364507366164512,0.14594448326692946,1.8846036123641726e-06,0.9999806524547286,1.74629416591012e-05,0.0013923203073010612
0.07,Chlorella,3,0.021300521827038937,0.0017697824505505466,-0.04814662576358591,0.1298812786390781,0.009364178153468693,0.00666026735544193,0.9839755544910893,0.0019557943240387466
0.07,Chlorella,4,0.020663855945834413,-0.018491381209720964,-0.06702127729207207,0.06405934083741689,0.01114553080993873,2.354542721551256e-06,0.9888521146473398,0.0018562289848591622
0.07,Chlorella,5,0.021259471361818386,0.016506634476197688,-0.07694823684839448,-0.01751533491540125,0.03425993280329987,1.3451632368932311e-05,0.9657266155643313,0.002272849857290347
0.07,Chlorella,6,0.01708416897798741,0.08613362942313779,-0.006285674569520558,-0.01074049667964362,0.010593794578096281,0.0002103036116986972,0.989195901810205,0.0015415552459677232
0.07,Chlorella,7,0.020471691078058317,-0.10080315026836129,-0.20403817031381752,0.09218784154209407,0.0005878634462112148,0.9893331923235643,0.010078944230224459,0.002451026968949232
0.07,Chlorella,8,0.016662962620180154,-0.06616707424202743,-0.13805746566122942,0.12104777934093736,0.01454394527500402,0.0013597384315588506,0.9840963162934372,0.0015343297201306722
0.07,Chlorella,9,0.024652480927290638,0.010152405435116462,-0.0977067954712894,0.05717461437056446,0.053481362258893474,9.580175267994328e-06,0.9465090575658386,0.0022106709855134674
0.07,Chlorella,10,0.02016999870194559,0.01945085274293762,-0.10038067129720885,0.11017918352132958,0.016717966871347873,0.2752570602713749,0.7080249728572772,0.002006024738220856
0.07,Chlorella,11,0.017938446384566573,-0.10385515957562168,-0.05609515864843335,0.05721239512965382,0.012321705684543592,1.1616015949493267e-06,0.9876771327138615,0.0010898331574795243
0.07,Chlorella,12,0.022757985917943854,-0.00909200396021664,-0.09268390699838877,0.054990000635158465,0.06245380838173708,0.004331852161639519,0.9332143394566235,0.002776870317504102
0.07,Chlorella,13,0.024935592372447923,0.0566636794262493,0.02986194781819657,-0.043277433973076714,0.04890468229726122,0.02557531337625035,0.9255200043264884,0.0017100785224110743
0.07,Chlorella,14,0.023302235422338804,0.09006683324749151,-0.04479570298136718,0.19287187955261498,0.07368246079885848,0.24306066973370286,0.6832568694674387,0.0024864019025647153
0.07,Chlorella,15,0.020406418726836063,0.07912509293128786,-0.03422663912471251,0.07223479017364745,0.014533423003656757,0.2968654343601001,0.6886011426362431,0.001789429369773931
0.07,Chlorella,16,0.021300521827038933,0.04750935442342106,-0.047128127665925744,0.20562526923492072,0.02485002370436114,0.059112912927269175,0.9160370633683695,0.0019285303037746965
0.07,Chlorella,17,0.01655671989227946,-0.038951599282530766,-0.12838821806886655,0.04635186750555432,0.14947288293331146,0.1300111564266199,0.7205159606400686,0.0017110007101617084
0.07,Chlorella,18,0.02067746064772304,-0.04528658540318504,-0.07920071487760624,0.014799754671210127,0.018949893519952955,0.0880439614441615,0.8930061450358856,0.001577640161068411
0.07,Chlorella,19,0.0295275845526716,0.1430587266748894,0.004199970745993138,-0.1462653241231004,0.13062678517184506,0.0006575265335393765,0.8687156882946157,0.002901721874340273
0.07,Chlorella,20,0.02101275195185259,0.004784198096747182,-0.04276507540185461,0.03153472979279607,0.00478917734762421,0.00013411569496938448,0.9950767069574064,0.001198534063877479
0.12,Brachionus,1,8.245061095308422,0.04061011242313572,0.06815631007717207,0.15635546990598462,0.988455391891754,0.0011541641245455486,0.010390443983700417,0.7856062813645379
0.12,Brachionus,2,9.179950662609116,0.03814589160638786,0.10961260409904537,0.12841322657490203,0.90485371992769,1.7827826888736585e-08,0.09514626224448311,0.9767459263913529
0.12,Brachionus,3,7.47676110115211,0.08338185699622555,0.01771753709307853,0.11159956475349009,0.005481370656263776,0.12894889507975768,0.8655697342639785,0.8387996329738852
0.12,Brachionus,4,8.27319807177975,-0.1020714611600483,0.004747082493307964,0.12649713707293508,0.08388546458325036,0.0005917840442770043,0.9155227513724727,0.9343243883196998
0.12,Brachionus,5,8.908646027402659,0.11939494139455338,0.06413285864379985,0.061865679574096895,0.8349048066561569,0.017223053886597537,0.14787213945724564,1.2650883288094734
0.12,Brachionus,6,8.094829917667699,0.10892531911129523,0.05046206233160899,0.16786935915558798,0.011676039598708438,0.9883238433720349,1.1702925652755132e-07,0.8405085904979499
0.12,Brachionus,7,10.203915913453443,0.018448631254700656,-0.00634337298546171,0.03781247165808387,0.559161282266402,1.1230109172407157e-06,0.44083759472268064,0.8995633028407459
0.12,Brachionus,8,7.890476775301645,0.10070190556118362,0.10282854961512254,0.15929157042040748,0.009828003516347092,1.10782350883965e-06,0.9901708886601441,0.46386467629132777
0.12,Brachionus,9,8.094829917667695,0.08184842438888418,0.0599624907845971,0.10818346872346928,0.021127404390877413,0.002581017016903423,0.9762915785922192,0.7993838664466958
0.12,Brachionus,10,9.130955735643989,-0.057597706719599975,0.07126653265621245,0.10744634404079063,0.6722474873964401,0.27702838954613246,0.05072412305742731,0.47792433931639766
0.12,Brachionus,11,7.265642079754655,0.10036258063563888,-0.061046380320001974,0.09840060821938446,0.9999999857498716,9.411479155922427e-16,1.4250127516696212e-08,0.4626048867537556
0.12,Brachionus,12,8.392304923069474,0.08497310623558965,0.017964252617818137,0.12698966838635065,0.30118204504398305,6.475852194545335e-06,0.6988114791038225,0.6874669422172647
0.12,Brachionus,13,5.646069243445567,0.16612311265407004,0.1578264843072687,0.08946740633977579,0.12546354493333936,0.10424701880973952,0.7702894362569211,0.5353426894777037
0.12,Brachionus,14,8.410557688227215,0.05563275866022644,0.10760208817419956,0.06944214733729534,0.13072377965577098,5.1271947017944754e-05,0.8692249483972111,0.7445424158285741
0.12,Brachionus,15,7.879495488532579,0.058780408128858284,0.06413813136942102,0.1172881426440785,0.06057105988382759,0.00040947892554372967,0.9390194611906286,0.7238333297856738
0.12,Brachionus,16,7.495725612857208,0.0548593922581679,0.12927531932626646,-0.008911291766062408,0.8599724084459373,0.046222187094066565,0.09380540445999634,0.6850940844079599
0.12,Brachionus,17,8.118909601185617,0.11086086258952556,0.04094532439020196,0.0635510467470841,0.49988975624445775,9.63480696995138e-05,0.5000138956858428,0.8940048272441503
0.12,Brachionus,18,5.04190969418876,0.1579875961770423,0.1259641622790917,-0.001022198897660425,0.8566453722233429,0.048016001186619146,0.09533862659003804,0.46239918868212704
0.12,Brachionus,19,6.013894397108286,0.28566609397142856,0.20101250524421774,0.051996422841999894,0.9985549135205201,2.8010711365614343e-06,0.0014422854083433656,0.38566248631627253
0.12,Brachionus,20,9.289111251062907,-0.0026430260141192393,-0.02940236461995638,0.05552972036098636,0.09623445905304572,0.011589823304834225,0.8921757176421201,1.5091388217466974
0.12,Chlorella,1,0.035433116397642885,0.5918331605740728,0.3491179530692916,-0.008918252386630111,0.9999998160718532,1.6128070849709627e-07,2.26474384965195e-08,0.003290650628487644
0.12,Chlorella,2,0.02261763953886323,0.46849989551075394,0.19276329833646533,0.011634841003538331,0.18660679394440155,0.813392951923907,2.541316913272352e-07,0.003032260785226626
0.12,Chlorella,3,0.01811798829796508,0.38306516364165616,0.04933815610553335,-0.03661292461768148,0.035735505061203765,0.9642578310134111,6.663925385008695e-06,0.0017291993553099543
0.12,Chlorella,4,0.021153893628920298,0.45848273879120804,0.33332915142028396,0.058683513726303524,0.579269228557845,0.01151195432358122,0.40921881711857366,0.0008908745161017482
0.12,Chlorella,5,0.025393613310942243,0.5801491129769107,0.41097163637349293,0.14117241812022718,0.9998656346083273,0.00013435994102916374,5.450643511453172e-09,0.0027124624491434565
0.12,Chlorella,6,0.025785482310164837,0.5029634129169465,0.315947685537401,-0.03386245080221241,0.9999999515974017,3.3140936928097804e-08,1.5261661415749465e-08,0.0030258623385599273
0.12,Chlorella,7,0.014516564788454384,0.41699175972939945,0.29400003722669915,-0.08477252406686897,0.9999999999659772,8.379124310255827e-14,3.3939119518218647e-11,0.003006510977853336
0.12,Chlorella,8,0.021985806532470613,0.5779293554010172,0.3729198293923286,0.08792286009279543,0.9999999994946442,1.9547340532737753e-11,4.858085119104672e-10,0.003808072554700145
0.12,Chlorella,9,0.018090667466094258,0.4697614403945897,0.30729299397125315,-0.14078066549354779,0.9999961562988039,3.843700823180433e-06,3.728062861371912e-13,0.002421512845739338
0.12,Chlorella,10,0.010607400614847023,0.30056706284385576,0.2937808616184595,0.34965772493694763,0.6116784001531144,1.1134382692008681e-08,0.38832158871250283,0.0006542086470171097
0.12,Chlorella,11,0.01897729596968428,0.4229488767855195,0.2957190530917569,-0.07554661940785273,0.7205863949275988,0.04356456779433367,0.2358490372780675,0.0008649643602775199
0.12,Chlorella,12,0.020711459563387366,0.4315208165938359,0.23301250877358806,0.11779583011357682,0.9999807724762427,6.274568779004374e-10,1.9226896300453025e-05,0.0021908262655294967
0.12,Chlorella,13,0.033123419085400126,0.5696085729463866,0.36724988689630594,0.036913068201482324,0.9999712959349,2.845460566533932e-05,2.4945943475199243e-07,0.003676405122032833
0.12,Chlorella,14,0.013566019735047374,0.21632204484343875,0.26005574662844444,0.0992895874060912,0.14550123591720734,0.00010968271884825873,0.8543890813639444,0.0011042736311908424
0.12,Chlorella,15,0.03570806882247137,0.5256226113077995,0.2672199653084445,0.06237442316989183,0.9999999123021787,4.750499228151069e-08,4.0192829059683506e-08,0.003150073146587529
0.12,Chlorella,16,0.026829179702372346,0.49444394988678936,0.3205004706177262,0.04095469696293071,0.9999999994651456,4.638634057208834e-10,7.099088890942395e-11,0.005375623086842846
0.12,Chlorella,17,0.02830348523323866,0.4561905195634592,0.2980354899886616,-0.10965236535873137,0.8757344631452776,0.00040881243609103,0.12385672441863134,0.001016680199189035
0.12,Chlorella,18,0.023924541460464445,0.48827037257096995,0.3095793612747851,0.11104738236623427,0.06687908022296436,0.9331209192071979,5.698378468504948e-10,0.003395224972918467
0.12,Chlorella,19,0.02070962550383647,0.4266247750913963,0.2919237297397317,0.07819521787002999,0.6196071464639208,0.0007392610775301954,0.379653592458549,0.0008407215241222739
0.12,Chlorella,20,0.013090193955968537,0.32918929412695525,0.37934325638449196,0.16898235996033228,0.004765356895757731,0.9927410575550473,0.002493585549195047,0.0010919030693377714
0.32,Brachionus,1,27.258274166256733,-0.0320904196491856,0.01813504949720164,-0.11833204728297929,0.00038318846449021134,0.12229035915222115,0.8773264523832888,1.2229946953897064
0.32,Brachionus,2,22.724067825316347,-0.0796134482487615,-0.2508028136904542,-0.1376951916110036,0.0010540057718766438,0.9846059898150478,0.014340004413075607,2.6294443769782903
0.32,Brachionus,3,41.87141241977612,-0.0272993732713159,0.07394322725168452,-0.22546426103526157,0.0007191343620855636,0.15304351326131743,0.8462373523765969,2.7757113362670816
0.32,Brachionus,4,33.583510607756224,0.0142864270912288,-0.02423599757727636,-0.1620610739617563,0.09448514339466146,0.00020356597625829933,0.9053112906290801,2.4868427231244694
0.32,Brachionus,5,29.799632152544476,-0.29492337826231657,-0.22163324566319148,-0.06816031009262051,1.0446741154487283e-21,1.0,2.4510465022808395e-19,3.4859614470823814
0.32,Brachionus,6,27.224230302470016,-0.07555236172968728,-0.06753644459587255,-0.1809827112194329,0.002409751366522686,0.8921711059775305,0.10541914265594682,1.285524277887988
0.32,Brachionus,7,23.75211561235883,-0.023334135092508736,0.05885076480482216,-0.17380988002697007,0.001523498200179748,3.5218148447132353e-08,0.9984764665816717,2.5635142128698374
0.32,Brachionus,8,41.49375401078903,-0.11333229100813656,0.056025545404834225,-0.3208322356738283,0.003512656721900336,0.3291337548570366,0.667353588421063,2.390394334691107
0.32,Brachionus,9,31.00277464287364,-0.040240161842263034,0.012776535239348092,-0.16254040452000415,3.4771923870213957e-05,0.6956662614200341,0.30429896665609574,3.7306148045309557
0.32,Brachionus,10,35.592344298443045,-0.0825938286689965,0.05414652417239276,-0.1641345643005805,3.696489669415403e-05,0.22984253031338095,0.7701205047899249,4.741783573372305
0.32,Brachionus,11,29.733891185940653,-0.058590845443044104,0.015753257142709764,-0.23136598226390043,0.11703976834495301,0.0013136635225111215,0.881646568132536,2.265157028134733
0.32,Brachionus,12,45.98388572853833,-0.054263434040239755,0.0650201437664829,-0.32503270245155413,0.0691250995721708,1.8431854360283926e-06,0.9308730572423932,4.593299056723559
0.32,Brachionus,13,38.91208532635661,-0.12124639137324235,0.04424582999507406,-0.21575502059901194,1.5930858371011573e-05,0.9745718583003875,0.025412210841241404,5.059555251541175
0.32,Brachionus,14,27.41226127156972,0.0447587489322961,0.02336412169236867,-0.07627062393889653,0.0003903521856003429,2.1143450162893232e-06,0.9996075334693834,2.657074140819618
0.32,Brachionus,15,36.64643942116729,-0.042060963067356724,0.0548771104835433,-0.23866347024683282,0.0020220259777206724,0.17294832680677955,0.8250296472154998,3.3553749840460614
0.32,Brachionus,16,41.81738416811687,-0.0330719840377272,0.11958098177422288,-0.00743490506019442,9.731972308022956e-09,0.9969974121499072,0.003002578118120485,2.588190926076926
0.32,Brachionus,17,12.719928774971388,-0.04453638233010609,-0.10655435322965674,-0.014429133021361205,0.005600336739526754,0.23377696394917286,0.7606226993113004,1.1421013172997112
0.32,Brachionus,18,20.85847699220451,-0.3571829289715567,-0.055568182873833534,0.05986758016470142,2.1688101856566793e-07,0.9986964974255591,0.0013032856934223063,1.792496894844308
0.32,Brachionus,19,36.61029927013571,-0.05585603707434686,0.01320423831709519,-0.19707837363066544,0.001677170427160708,0.38259768386460513,0.6157251457082341,3.0908350428918157
0.32,Brachionus,20,33.0920811249223,-0.1510929764128877,0.005572161501865153,-0.17577167384869397,0.019956433671096428,0.009263394717176198,0.9707801716117272,2.9413972780550446
0.32,Chlorella,1,0.017878396779437804,0.28978844935175474,0.02536954438445315,-0.09168397499816518,0.9990261138476093,0.0002804260266225587,0.0006934601257681018,0.0018330069631761125
0.32,Chlorella,2,0.01630354913886077,0.22389444805960557,-0.0898306152155263,-0.008973529787429666,0.8653600038450366,5.380729726867343e-08,0.13463994234766616,0.001571793154865012
0.32,Chlorella,3,0.019308733322786868,0.26920786348277087,0.11034175428850275,-0.08660563435994843,0.9705648970610391,0.029385218911371958,4.9884027589044566e-05,0.0017519528514260306
0.32,Chlorella,4,0.017403456605333177,0.25572047300727485,-0.02137709101138756,-0.07215234796365405,0.8042817592913977,5.3679718583481846e-08,0.19571818702888374,0.001498366012172971
0.32,Chlorella,5,0.015065587423474958,0.1676279435669871,-0.060532781129300404,-0.06069572097047524,0.06666073143142444,0.039726366328325845,0.8936129022402498,0.0011575592038067584
0.32,Chlorella,6,0.016474456294099108,0.27024934615084834,0.04836973530755886,0.0031253972783470926,0.9962052322964962,2.7109646156459983e-07,0.0037944966070422113,0.0018779632533370513
0.32,Chlorella,7,0.0170421272583677,0.2919860844248316,-0.001986858540945233,-0.07614884071012858,0.92681116411494,4.735340548633675e-06,0.07318410054451117,0.0016883645991114956
0.32,Chlorella,8,0.015489459333937507,0.2901207512539583,-0.04831757665581704,-0.12954343830714116,0.9083243353780504,9.907242059288004e-05,0.09157659220135668,0.0010769565801691016
0.32,Chlorella,9,0.017878396779437804,0.3120753757401255,-0.028304613084260816,-0.14493182393076567,0.9765358489223558,3.7409230143573395e-05,0.0234267418475005,0.001280882290602667
0.32,Chlorella,10,0.016898042228910577,0.21313741555714197,-0.06789481231312594,-0.06195475756663412,1.7821078352700416e-12,0.9999999999981517,6.615475370339912e-14,0.0028474616212977918
0.32,Chlorella,11,0.015582974578733944,0.23245189008935696,-0.05210022411252822,-0.14063505163779738,0.21434570879269035,0.0008900765242501678,0.7847642146830595,0.0014851579712443462
0.32,Chlorella,12,0.0178783967794378,0.2845821397895676,-0.027302027860781074,-0.11588096067497686,0.9972727117950522,1.9244332494507054e-10,0.0027272880125045113,0.0015432106313746133
0.32,Chlorella,13,0.020137716225545128,0.3635925490188428,0.056981305064553844,-0.11937671258647563,4.719411404742687e-06,0.9999952655324161,1.505617911297416e-08,0.0024148829468684145
0.32,Chlorella,14,0.017878396779437804,0.2896801739050428,-0.00010134153089764081,-0.10241391611161108,0.3401516065799506,0.0017709345334010577,0.6580774588866485,0.0012639456486997348
0.32,Chlorella,15,0.016026159867188874,0.32166131465641057,0.052963155566608924,-0.009104040903456184,0.9996250868904063,1.5927169103900963e-09,0.00037491151687666036,0.0011107978432841961
0.32,Chlorella,16,0.019452520441989286,0.281334129821609,-0.0006501468287787995,-0.06502021612303872,1.6600558038133372e-09,0.9999999983104195,2.9524518958256476e-11,0.0030142677984440177
0.32,Chlorella,17,0.018927104745750354,0.3805997852541896,0.02649254270982417,0.039016955379886274,0.11328998688732178,0.8349014572634244,0.051808555849253785,0.0020636944597707276
0.32,Chlorella,18,0.0178783967794378,0.28946757783563426,0.0065976401710344905,-0.08539816400802924,1.2106218102315345e-12,0.9999999999987468,4.256544882472187e-14,0.003311054002817063
0.32,Chlorella,19,0.01783673891837862,0.3099211564655663,0.005012635669377847,-0.010005558881536434,4.21415740418835e-13,0.9999999999995524,2.6249877552618217e-14,0.002836385652151218
0.32,Chlorella,20,0.0196294459308811,0.31694194789341357,-0.08887084698112148,-0.12071710970202647,0.0021631370222523426,0.997184486288888,0.0006523766888597406,0.003300452531838211
0.64,Brachionus,1,14.935258071922414,0.7509471495083763,0.7252276681929104,0.1762595409843207,0.9999984316075403,1.8694939886208332e-07,1.3814430607725683e-06,2.708103813560068
0.64,Brachionus,2,11.892906718514828,0.7703484287914788,0.7222562388706032,0.26540112387176407,0.0003090763541006113,0.9996909236458993,2.7834108270419816e-19,2.764577965393643
0.64,Brachionus,3,21.17303241440666,0.7140163323498675,0.7069822245409664,0.2517636469939862,6.560999761212312e-13,0.9999999999993439,2.841737653374569e-22,4.413899942034739
0.64,Brachionus,4,14.78758465179051,0.718561417081184,0.6983361811127597,0.26111845890340324,0.9999999154982271,1.007283243736676e-08,7.442894045587412e-08,2.7492472309693117
0.64,Brachionus,5,20.073888683049773,0.7140291143630686,0.6952153715113061,0.16320569170494587,0.9999999999999958,5.168743623159506e-16,3.819225148468939e-15,6.365296580496278
0.64,Brachionus,6,7.402689686410483,0.5846771094218692,0.536715809787348,0.24907915069317432,0.9999889175759626,1.1077867639117027e-05,4.556398328736475e-09,1.1068532105423459
0.64,Brachionus,7,14.329036636355797,0.7558641031131713,0.6911591782408197,0.27325985523261176,0.47699616670283645,0.5230038332971636,1.6057769039259822e-18,3.2858600323256764
0.64,Brachionus,8,15.478559522381047,0.6172730922892086,0.6155309845717698,0.06735259578343944,0.9999989364478776,1.267727544120615e-07,9.367793679580148e-07,4.1812207613511605
0.64,Brachionus,9,11.137049044449387,0.6101813528076482,0.5641948781892938,0.15468100297031534,3.947091450034856e-08,0.9999999605290855,5.227341605794378e-24,1.9551085795019114
0.64,Brachionus,10,11.736236026600125,0.7217748123121064,0.6386337887872026,0.19825328780717275,0.9999999999999978,2.259745441929145e-15,2.191073154646999e-19,1.60466025938084
0.64,Brachionus,11,16.642005067288036,0.6707593120819241,0.6351908909025584,0.09359924766195078,4.237920164083058e-16,0.9999999999999996,2.4996977554825364e-29,3.3494674900950656
0.64,Brachionus,12,15.685683366090691,0.7072008123618189,0.6867671424772701,0.15497650247590564,1.0670825598005887e-14,0.9999999999999893,2.8137343412649194e-27,5.246784289073176
0.64,Brachionus,13,14.935258071922417,0.7572890578611713,0.753042141759358,0.23055618608042072,9.610723627485697e-27,1.0,8.085351684959623e-33,5.298408181692354
0.64,Brachionus,14,16.707182682732785,0.7364589264325453,0.6742938485703951,-0.22197027799480898,1.0585123274361838e-28,1.0,2.7179438637642663e-39,6.07497043652973
0.64,Brachionus,15,13.683770475892333,0.711229456286501,0.618756241664887,-0.03526751697127276,1.0552140591515235e-18,1.0,6.113205360051996e-30,3.829879961330492
0.64,Brachionus,16,9.974995048984484,0.6599273855215455,0.547166662664634,0.12610528640119406,0.9999993688804363,6.304448567811635e-07,6.747069309822054e-10,1.2239558959109498
0.64,Brachionus,17,19.86894647837177,0.7506684424033845,0.7374830421346277,-0.00465967900409043,2.353748663220341e-26,1.0,7.897590178998216e-36,6.103999906091665
0.64,Brachionus,18,12.509868309406324,0.7526121524368905,0.698941353318601,0.035367151916902914,4.4138332004703206e-21,1.0,4.792167014253277e-32,3.433667357325643
0.64,Brachionus,19,14.935258071922414,0.7518438910313711,0.7329069659970342,0.18574401394428508,5.1926681295519774e-23,1.0,1.2114502567494516e-32,3.873155567452709
0.64,Brachionus,20,10.961197607720846,0.7277755002118261,0.6699945760697559,0.2618229090002378,2.0461640666239383e-06,0.9999979538359333,1.203043086423377e-19,2.8339463513919902
0.64,Chlorella,1,0.549759503872172,0.8751030568882151,0.7712828133268792,-0.06100213794482639,0.9999964865595077,3.513440492426635e-06,3.8456710654545648e-25,0.10401870589101385
0.64,Chlorella,2,0.4123544084826593,0.8015674714523915,0.672804785847756,-0.01598400435810423,1.0,7.239447494205668e-20,6.287600128468264e-24,0.12047394522782195
0.64,Chlorella,3,0.4370125978922571,0.891462963640787,0.7942244423787597,0.1813719809952943,7.956928571148091e-09,0.9999999920430714,1.6658683408135922e-26,0.07037167674818935
0.64,Chlorella,4,0.3799591296841473,0.8324342892171057,0.7358609059609976,0.06555880994747938,8.157435629308818e-26,1.0,1.752606433537906e-36,0.1483895951905489
0.64,Chlorella,5,0.20311769003227656,0.7481033821595313,0.7001762956377935,-0.08393104732782146,7.925463980366695e-07,0.9999992074536019,6.331793746134558e-21,0.04098996808089473
0.64,Chlorella,6,0.4384447504903487,0.8884017956663831,0.8060969034287013,0.06314411198626355,3.1327901842454637e-19,1.0,7.3176865134461554e-34,0.07693003216945513
0.64,Chlorella,7,0.19832435364657228,0.7349716734889445,0.6272884627458623,0.13789259021045996,0.9999999992854223,7.145708482212878e-10,6.936876035652836e-15,0.03689692522076431
0.64,Chlorella,8,0.2898147747716749,0.7855882715903744,0.679580536500605,0.38447227661482336,1.0993842243416614e-11,0.9999999999890061,3.2794929432679614e-20,0.049162263255176086
0.64,Chlorella,9,0.3764967713808743,0.8301835099739645,0.7604617074150561,0.09393890070637319,0.9809683384469037,0.01903166155309645,2.595274603753886e-20,0.11054239711600687
0.64,Chlorella,10,0.3783628283359785,0.8298018226791826,0.7463534136664972,0.36584371146368555,2.276005776734467e-14,0.9999999999999771,1.6791599833709461e-25,0.05313445019698711
0.64,Chlorella,11,0.5304722584936339,0.8694548699156691,0.7740077239119898,-0.23773342498839478,1.855417922365367e-24,1.0,6.913116399411475e-37,0.11151443778151443
0.64,Chlorella,12,0.3565920172579882,0.7988631823495375,0.7163508062059322,-0.0259989833515854,5.568252146352935e-21,1.0,5.747177866848648e-35,0.06900927971907493
0.64,Chlorella,13,0.3783628283359786,0.8338217960562485,0.7515961901528779,0.10296450148868594,0.9999999999999982,1.7491297410026343e-15,1.9699033241692234e-17,0.1261446678502037
0.64,Chlorella,14,0.1195063500211951,0.5611134885576557,0.3938882562548557,0.05180050714832162,0.9999995189995037,2.6464868666091984e-09,4.783540095151664e-07,0.010151757306557254
0.64,Chlorella,15,0.3084362634527637,0.8045403584148467,0.7048189626542213,-0.015348244494905058,2.3169860967001578e-10,0.9999999997683013,4.410555906822952e-28,0.06483915625652395
0.64,Chlorella,16,0.37554707702173695,0.7765274237694136,0.6739890253876423,-0.03348536348856469,5.611794415773595e-17,1.0,1.7397640030366662e-32,0.11001990955583976
0.64,Chlorella,17,0.2430270366735153,0.7832540384611417,0.6836220180789265,0.21342169390379725,0.999544957786139,0.0004550421411574276,7.270349820656222e-11,0.04285024474446759
0.64,Chlorella,18,0.36825983456765626,0.8585128817985911,0.7544343405684633,0.0366746289069335,5.489435612024534e-29,1.0,2.011702720434424e-37,0.1572962947891156
0.64,Chlorella,19,0.37836282833597856,0.83492958380601,0.7567041593523247,0.09583614714250194,5.135129692533411e-22,1.0,1.497697018565862e-35,0.128152644704931
0.64,Chlorella,20,0.3359927226722886,0.7329732524406011,0.6385648584331219,0.15484874784280447,0.9999999999999969,7.968763052836116e-16,2.152519032278107e-15,0.059889403977242524
0.67,Brachionus,1,16.486381675330737,0.611558297326869,0.5271017991039375,0.16092197548510548,0.9999999999999973,3.204698646235585e-16,2.3679911652004387e-15,3.765834395516504
0.67,Brachionus,2,17.068496220125436,0.5714220001112302,0.46172762603120876,0.17795781392751955,0.9999997952233786,7.603072871114752e-10,2.0401631415247455e-07,2.788139946748803
0.67,Brachionus,3,21.195755367459935,0.7961954117267847,0.7148749815660934,0.18156053696256172,2.9886653897353857e-16,0.9999999999999998,1.5381321900213982e-27,4.432013660732763
0.67,Brachionus,4,17.99129483457769,0.6889411420326399,0.5958675584107475,0.1611950843294539,0.9999999999979918,2.393741261155892e-13,1.7687896997729022e-12,3.2010486178781905
0.67,Brachionus,5,20.920705039527846,0.66038438744948,0.5782754913405757,0.29585998916431006,0.9999984101443781,6.559333962591168e-09,1.5832962879476024e-06,3.2664794286813503
0.67,Brachionus,6,16.560666994192193,0.5470191452997828,0.4248713338047902,-0.03130531934210722,0.9983851623916242,0.0016148376083756299,1.2201662621246395e-16,3.3509374128653038
0.67,Brachionus,7,16.901823715083996,0.7683135290672387,0.6517164352368611,0.11415567034845485,6.235124066163227e-06,0.9999937648759339,2.315262158541973e-22,4.148888534123142
0.67,Brachionus,8,14.71291251658151,0.5465465097596343,0.43173079851122137,0.06348345621067726,0.9999999999907392,9.873482264403047e-15,9.251077924119689e-12,1.803097055079252
0.67,Brachionus,9,17.582742486042154,0.5843137326334535,0.4940079044089522,0.20743083503335139,0.9999999999196956,5.555910965740207e-13,7.974880297974709e-11,3.1213533836363356
0.67,Brachionus,10,13.503195707851459,0.5215603930619165,0.4135173796180337,0.29976570241430656,0.9999999989212291,4.583828992871343e-14,1.078725154194522e-09,1.5960130617144892
0.67,Brachionus,11,17.35864698880086,0.2924408709174661,0.19564875931373218,0.12089014330084602,0.9998712426231681,6.457807794796513e-11,0.00012875731225394673,1.4103031544190516
0.67,Brachionus,12,19.67079849690861,0.5490447814384068,0.39302378197385124,-0.04123504635264624,0.9999998912223441,7.363163746623399e-12,1.0877029263594151e-07,2.385674175490835
0.67,Brachionus,13,24.068329333572382,0.585198386915512,0.49099758311907776,0.20064705117781545,0.9999999999786846,2.5018163358067976e-13,2.1065130347112015e-11,4.218428753985543
0.67,Brachionus,14,16.898938407005215,0.6381253550591445,0.5296029159700371,0.11817128390452664,0.9999999999997833,1.512372141118042e-15,2.1517832622964416e-13,3.480081896712002
0.67,Brachionus,15,19.91053886257381,0.6338641848897526,0.4966374735485456,-0.02060506042209982,0.9999999999999805,1.0661322634950682e-15,1.8473576047156167e-14,4.12798092696543
0.67,Brachionus,16,21.37089001924704,0.6264825637707094,0.5574605372842895,0.2936254791628733,0.9999997405342647,2.2361509141787732e-07,3.585064390583842e-08,1.6262175596122943
0.67,Brachionus,17,15.007946994284843,0.4129872430589798,0.22148243861458697,0.04077957863624951,0.9999417138359927,2.1217239461380202e-05,3.706892454582747e-05,1.5106689068086496
0.67,Brachionus,18,16.65155104057551,0.1610741796993438,0.08221986744903487,0.1653992288081241,0.9684905635336213,1.988613889628793e-08,0.031509416580239986,1.7236094835466116
0.67,Brachionus,19,14.314867806301654,0.5429006581374876,0.3677909345777197,0.016398604658914195,0.9999999976843523,2.2083352793471617e-09,1.0731228901520208e-10,2.1746026963284755
0.67,Brachionus,20,22.24088179879706,0.6075400791442824,0.5176789608968461,0.280095612988384,0.9999999797645971,1.1093083513776774e-14,2.023539173875897e-08,1.9364238516831391
0.67,Chlorella,1,0.2059253780207551,0.5414587832932638,0.36744110189606954,0.07908078019115168,0.9999999011644105,9.881566837511638e-08,1.9921118164261645e-11,0.03682673744386776
0.67,Chlorella,2,0.4352594450032878,0.7818115359768112,0.6632973786577943,0.2690537891488284,0.9999997602198079,2.3973198717814183e-07,4.820494294462692e-11,0.06769470455701329
0.67,Chlorella,3,0.16500587263152186,0.42741846996527305,0.38109775663101864,0.10208039646145967,0.9999999999371416,3.1920384921608293e-12,5.966636895947591e-11,0.024233367192378112
0.67,Chlorella,4,0.38493947560007424,0.6645936777891567,0.6083490627469222,0.0040152691958326835,8.296746560352029e-05,0.9999170325343966,3.4014330107920994e-23,0.08493412813337255
0.67,Chlorella,5,0.352870070931553,0.6948609194025397,0.6896801264995682,0.3452545878242605,1.0,7.42716623829125e-18,5.819004617282153e-19,0.06320275246154158
0.67,Chlorella,6,0.3479068259111644,0.7798237922952197,0.7190580717992247,0.06353611124178996,1.1734223438711417e-26,1.0,2.285083398077294e-38,0.09150114749110552
0.67,Chlorella,7,0.22157474396040402,0.6323954884670848,0.42535013282542306,0.030372834372816033,0.9999864949410725,1.3505058906343523e-05,2.1011146737099654e-14,0.03126188279919775
0.67,Chlorella,8,0.4905711199983423,0.752571338610477,0.7235642263101068,0.18540545148095303,1.298748952555164e-15,0.9999999999999987,4.723835939487192e-26,0.09186889090489589
0.67,Chlorella,9,0.3753741399544814,0.6810481838375574,0.6817548253049409,0.28093026945570554,0.9999999966249271,4.0231782308039296e-10,2.972755158858976e-09,0.02899816483380525
0.67,Chlorella,10,0.3928329793553333,0.7481629044372715,0.7081487483152682,0.27675484057881483,0.9999999927486583,6.916067927924173e-09,3.3527390088113473e-10,0.06823339628526917
0.67,Chlorella,11,0.36350123448909966,0.7519126797669212,0.6987701778991505,0.2527107487192332,0.9999999831475218,1.6160975189179743e-08,6.915030674211539e-10,0.08085227144023291
0.67,Chlorella,12,0.23385693973803057,0.7011506344054358,0.6193556487974383,0.1028816700892296,0.9999999999995355,5.5377561131170886e-14,4.0919304841635503e-13,0.05085536088041526
0.67,Chlorella,13,0.3757116211100389,0.6917210116130076,0.6899347146205963,0.33464509796969827,1.0,4.099842493677512e-19,3.0294050540276676e-18,0.05092570962812254
0.67,Chlorella,14,0.53932012623272,0.7923098170825426,0.7649696384011172,0.23786101934080625,4.478417347557416e-13,0.9999999999995521,1.935106188034502e-25,0.09227838115827722
0.67,Chlorella,15,0.29450342844185684,0.7371866888505839,0.5963965693221809,0.31606287274388406,0.9999999947006046,5.274481043234102e-09,2.491434359565204e-11,0.04565284030353968
0.67,Chlorella,16,0.3657588572541365,0.6773480813558863,0.629767914103471,0.059379551681845354,1.457880578054188e-10,0.999999999854212,6.827497565723605e-25,0.09594959001500505
0.67,Chlorella,17,0.4619519426767812,0.7315643846633025,0.6089801898624516,0.21806969721499103,1.7519998189285283e-05,0.9999824800018108,1.1317338107795952e-20,0.07717834824203204
0.67,Chlorella,18,0.29475152798638077,0.7287026960245577,0.6511012061654232,0.33239512253058534,0.9999999999999083,1.0940228812005255e-14,8.083813751722737e-14,0.036255745909104055
0.67,Chlorella,19,0.4030639340407359,0.7744452667813182,0.6983854888135771,0.1432372243526937,1.5759446588016246e-08,0.9999999842405534,6.950893702654544e-23,0.06846112161860766
0.67,Chlorella,20,0.24002463172805028,0.7018589726572514,0.6251254408301636,0.25793902193072427,0.9999999999349569,6.227793304751027e-11,2.765120005876725e-12,0.043357616191544546
0.69,Brachionus,1,19.175830487850416,0.3379557283385316,0.1475214114273849,-0.22798557035403133,0.641476520822217,0.012752663383972922,0.34577081579381014,3.2905263493640873
0.69,Brachionus,2,14.948113936284084,0.2812331194753624,0.1709451572066385,0.050322406636268954,0.7062971669037779,0.0006454061314148219,0.2930574269648072,1.3305652669906807
0.69,Brachionus,3,19.517765675919375,0.34340908516171353,0.17103007375233917,-0.22847013822149245,0.9549431774952721,0.0002630492531611923,0.0447937732515666,2.8285888955241223
0.69,Brachionus,4,23.58868475078622,0.39585839437384396,0.15870294701498217,-0.03875295835435727,0.987316330548301,0.001511896604140517,0.011171772847558433,5.229333696137939
0.69,Brachionus,5,16.384911878931028,0.24598371237383748,0.1929180041963536,-0.3712737635965814,5.871891647604975e-07,0.9999994120823797,7.284554929531391e-10,3.08356039070188
0.69,Brachionus,6,19.517765675919378,0.3440230063464405,0.18634223465467267,-0.22409859777104948,0.9970950450054152,0.0003462781367577882,0.0025586768578269186,4.170102257340119
0.69,Brachionus,7,19.140975300807128,0.267165535485556,0.14590083051754316,-0.09183737397852026,4.747116336051687e-11,0.999999999952295,2.3380511580222617e-13,3.449581475619345
0.69,Brachionus,8,19.517765675919385,0.33739825513292415,0.24206332928319127,-0.3998529251044747,4.594467464969221e-13,0.9999999999995253,1.5337430091728414e-14,3.4855345620564955
0.69,Brachionus,9,19.51776567591938,0.2956256847405224,0.21134086178485678,-0.182062702530821,5.359488317750532e-09,0.9999999946393894,1.1221651391980876e-12,3.250594114997028
0.69,Brachionus,10,14.227400051906514,0.3681563233443743,0.3229389573560652,-0.5035284369101469,1.1115261597783682e-15,0.9999999999999989,1.959025953270874e-17,3.675159560264429
0.69,Brachionus,11,16.67393279366598,0.3063518523726001,0.1833795730104435,-0.12194754714741296,0.956195948685503,0.012566046999369144,0.031238004315127844,2.4385247060704005
0.69,Brachionus,12,19.51776567591938,0.34874270504341925,0.23978495365424854,-0.1327310780420142,0.9999973242578115,3.189553819985205e-07,2.356786806515438e-06,3.047357122608096
0.69,Brachionus,13,20.328420592207955,0.3788991608174517,0.2217004044391012,-0.10532284522134544,0.9998831635173508,1.217194148659588e-07,0.00011671476323426182,2.4875638721861977
0.69,Brachionus,14,14.811226147609895,0.4734024149502902,0.5190248068734971,-0.3815737624994781,1.6092672530912634e-05,0.9999839073274691,9.698823887420053e-20,3.541979161095615
0.69,Brachionus,15,21.452517312113063,0.393318778576024,0.09827430860477078,-0.1317918529894539,0.05228724957280836,0.9476439633876075,6.87870395842058e-05,3.1341923132806313
0.69,Brachionus,16,20.81010458973168,0.4161437002826486,0.1945275734327656,-0.5597227810864045,6.510429456362401e-10,0.9999999993426862,6.270652179799691e-12,4.0836766064215775
0.69,Brachionus,17,19.517765675919375,0.3364096422336342,0.17901234211757602,-0.2141870573226821,0.9470405772840113,0.0005089055335540927,0.05245051718243478,2.95645429567195
0.69,Brachionus,18,20.441809453981048,0.3115648540907112,0.17770971504442568,-0.17445860454432058,5.499385075001594e-10,0.9999999993267321,1.2332943844943535e-10,4.814573070248058
0.69,Brachionus,19,19.517765675919385,0.3456352647492981,0.19206889590361784,-0.2100860789784536,0.9924716594618329,0.0008973975322489814,0.006630943005918227,3.7996753077269223
0.69,Brachionus,20,15.057998332167404,0.23371033057169435,0.17905537750921044,-0.15798058616946484,0.8982704906437232,1.3060433999776974e-05,0.10171644892227713,1.846970012098264
0.69,Chlorella,1,0.7676931613886749,0.8471272108229432,0.6030374389330262,-0.1396870491034267,1.1123773584975401e-27,1.0,8.924284400235536e-32,0.21783885114626308
0.69,Chlorella,2,0.6811851092541726,0.8789374589766262,0.6481705859730451,-0.539281170744915,1.8044824729115938e-33,1.0,2.5119033740540842e-37,0.2793213763181727
0.69,Chlorella,3,0.4737660991784553,0.6846461589664042,0.24781823196821642,0.11571350498204845,0.4546766454237613,0.5446436264305403,0.0006797281456983706,0.07196625279595624
0.69,Chlorella,4,0.7078225117011596,0.830056450852586,0.6076349795259928,-0.5539631296671008,8.739118433372547e-34,1.0,9.472231872213752e-38,0.27998277092990725
0.69,Chlorella,5,0.6671344874274906,0.8882724431989505,0.6840381604321927,-0.4667443330801548,6.388773952667019e-33,1.0,4.875246239897817e-39,0.2914535912348786
0.69,Chlorella,6,0.6671344874274907,0.8915983607733332,0.7138406420604652,-0.5029966581597503,7.769905404022018e-34,1.0,2.059536261394301e-40,0.28305662103237966
0.69,Chlorella,7,0.7171253838901361,0.8529465901235733,0.6096321079314108,-0.673371372487111,1.1009022953595273e-35,1.0,1.3310799625088504e-39,0.28529400507947145
0.69,Chlorella,8,0.6671344874274909,0.8833532175353946,0.6662628564446044,-0.31954708700179923,4.317039773608245e-14,0.9999999999999569,2.0138511044828293e-23,0.15289098553661387
0.69,Chlorella,9,0.6671344874274906,0.8882724431989505,0.6840381604321927,-0.4667443330801548,6.388773952667019e-33,1.0,4.875246239897817e-39,0.2914535912348786
0.69,Chlorella,10,0.6795769716837786,0.8827319888520242,0.6455002071976378,-0.4269266859487487,2.6335500962110996e-31,1.0,5.320026196776871e-37,0.2202308514429019
0.69,Chlorella,11,0.777246866167736,0.8609404963709189,0.6185146740844515,-0.5497138275042031,3.342212631819782e-38,1.0,2.313530420192831e-42,0.31788640861084594
0.69,Chlorella,12,0.6671344874274906,0.8814836559115345,0.7158941468642038,-0.5622421804438106,6.182717968078193e-24,1.0,1.2223868971949815e-31,0.20849747212434033
0.69,Chlorella,13,0.6405972351887199,0.8732114831780992,0.6497816216198015,-0.3606607175265604,1.0153515022205528e-20,1.0,4.223845862802205e-26,0.15789915023754578
0.69,Chlorella,14,0.6569327519367298,0.8388596955659635,0.5851821447466087,-0.36134199173678855,3.933096663407243e-40,1.0,8.566680420484161e-43,0.2963055113605276
0.69,Chlorella,15,0.6266537378693338,0.7932405462809643,0.6596374744235879,-0.2710328132662582,0.999999999988922,6.612894525573522e-12,4.465193846911631e-12,0.10654668242401515
0.69,Chlorella,16,0.6041070059477853,0.8489696257991909,0.6573877083652832,-0.5124703986707857,5.244496579112741e-27,1.0,1.1154614811537639e-33,0.24620315207642723
0.69,Chlorella,17,0.6671344874274907,0.8887498509870772,0.6919544954404578,-0.3705832133383328,7.865373683995475e-29,1.0,2.1248606408439813e-38,0.1796863824323546
0.69,Chlorella,18,0.7462479291864434,0.8504915006426302,0.6226473460685057,-0.4314573968009535,4.678074269821347e-24,1.0,1.5808803010058335e-27,0.22535180595354398
0.69,Chlorella,19,0.5032859062763796,0.8297159954516731,0.5774958301435364,-0.3266013549775368,3.532105712088026e-33,1.0,7.632336594068648e-36,0.2491754676276367
0.69,Chlorella,20,0.6671344874274905,0.8941701714983155,0.7060702881013478,-0.5827607080742927,9.57505483005018e-31,1.0,5.657335448785405e-38,0.2021267212506504
0.95,Brachionus,1,3.7164018729440165,0.767095114531817,0.6594579297737422,-0.3829525130108267,1.358421194067444e-31,1.0,1.0244084899711632e-34,1.2706668289943854
0.95,Brachionus,2,3.68484130619203,0.817868750356173,0.6997697949055764,-0.679605145994526,8.275602949491493e-39,1.0,3.374213897112246e-42,1.4627229687339685
0.95,Brachionus,3,1.719441793398352,0.755013031558643,0.6496420423177991,-0.3521042573298096,0.9999999999880578,1.1657730933929733e-11,2.8433730742392897e-13,0.36488882376666276
0.95,Brachionus,4,2.194092439939939,0.7997820433689365,0.6579232754273173,-0.5966153743056087,3.29615992526713e-17,1.0,1.0879464892530017e-23,0.5086402044089102
0.95,Brachionus,5,3.68484130619203,0.817868750356173,0.6997697949055764,-0.679605145994526,8.275602949491493e-39,1.0,3.374213897112246e-42,1.4627229687339685
0.95,Brachionus,6,3.790749341321558,0.8057947744104778,0.6247808629551964,-0.20510823511358947,0.002519692163940086,0.9974803077908492,4.521061835413938e-11,0.6641721085391942
0.95,Brachionus,7,3.684841306192029,0.8033108414751919,0.6495356848453221,-0.6427332605447659,1.5805145261270964e-20,1.0,2.9385206568385426e-26,0.9216245217748794
0.95,Brachionus,8,3.6848413061920287,0.838137937363996,0.7044204758259962,-0.5312833121815481,0.9999999757902652,2.420973346178909e-08,1.3875719758755605e-15,0.70194245960111
0.95,Brachionus,9,3.684841306192029,0.8182478273664128,0.6994097794074315,-0.6744368475395021,1.2083903968052628e-36,1.0,2.2740424460732506e-40,1.491031346696842
0.95,Brachionus,10,2.802223649064416,0.7695723137604391,0.6757977073256036,-0.29247956330603286,1.2758726328688456e-17,1.0,9.68332228766419e-26,0.9788459111106653
0.95,Brachionus,11,2.458651805094369,0.7692331034781463,0.5279296092743926,-0.47194876630334925,0.6949940991184177,0.3050059008815823,6.372971655608068e-22,0.3989460360895739
0.95,Brachionus,12,3.545644973701695,0.7733297172478886,0.5982316288478448,-0.3179704319402173,0.9999610859573843,3.890409916424987e-05,9.943451466138063e-09,1.084476662967023
0.95,Brachionus,13,2.184906808972691,0.6843850833474281,0.600503680909197,-0.6426698849558858,4.360451877466119e-11,0.9999999999563955,2.530422155332425e-18,0.5023419458995894
0.95,Brachionus,14,4.414325137377179,0.712208793864784,0.5380655809178712,-0.7075266799728404,8.305229445353692e-34,1.0,1.606164209565634e-37,1.297469686118713
0.95,Brachionus,15,3.9623714424509053,0.7695968516716046,0.5943405809833523,-0.45013434818881354,7.825536757352312e-40,1.0,4.471436948172825e-43,1.1902394357316377
0.95,Brachionus,16,3.68484130619203,0.8223393879508673,0.7107515071657972,-0.44070189258428744,1.087068487075828e-15,0.9999999999999989,2.6983059799550755e-30,1.3336419049460393
0.95,Brachionus,17,3.5668572633922153,0.8103153312696628,0.6760214711293133,-0.5487224461141851,6.459792565491532e-33,1.0,2.101589241273972e-37,1.5561331178453028
0.95,Brachionus,18,4.1696364193547515,0.7065976230097223,0.5180431280442495,-0.5360985229878817,1.7793457934225365e-17,1.0,6.131267819618306e-24,1.0456382623774017
0.95,Brachionus,19,1.8736062836476854,0.818560247804289,0.6900720187912825,-0.5525362093760985,0.9999999961552117,3.844787219005726e-09,1.0544464644614057e-15,0.20053719298152548
0.95,Brachionus,20,3.6848413061920287,0.8065914145965805,0.6902032672679719,-0.5614532080250292,0.0019526569172280716,0.9980473430827033,6.864141854095187e-14,0.5900883260908271
0.95,Chlorella,1,0.6783201479642882,0.7569286004455,0.400919383093827,0.05553874447988155,1.0274717474360489e-22,1.0,8.292864568966017e-29,0.21939586677786893
0.95,Chlorella,2,0.6370714643795157,0.8313070839255726,0.5473147724517146,-0.41446965102697114,1.1318822203521925e-26,1.0,1.306679810932154e-32,0.2664237144442369
0.95,Chlorella,3,0.7116094625656583,0.8396669752352985,0.5298596633806361,-0.12184739260629729,6.389717882962453e-15,0.9999999999999936,3.727463688492305e-19,0.19640895915689963
0.95,Chlorella,4,0.6370714643795156,0.8354186490350729,0.5460047785734916,-0.2640374935496462,6.626430359060353e-10,0.999999999337357,6.391084136813623e-22,0.23653025803870356
0.95,Chlorella,5,0.3995538477388075,0.7282792534244029,0.34347718411290445,0.058277277435827564,1.7788543221931535e-07,0.9999998221145655,2.1708565352482074e-15,0.07937974798916134
0.95,Chlorella,6,0.47564683131775826,0.7770345695535255,0.38801703412746646,0.292662782688246,5.285679810107186e-20,1.0,1.3432925889903356e-24,0.08865967945787909
0.95,Chlorella,7,0.7040143008390906,0.8180918416403719,0.47280702321158125,0.2768629542773072,5.2836600722625546e-39,1.0,1.053946976124834e-40,0.16807075780689137
0.95,Chlorella,8,0.6370714643795157,0.8270364054848346,0.5531091084149347,-0.46306474002562203,1.1073174975310219e-20,1.0,6.717446914511367e-27,0.23652945334294054
0.95,Chlorella,9,0.3854604795385543,0.715907385226262,0.3589342354436522,0.05179355410230964,1.901581365158353e-27,1.0,4.280952590736217e-30,0.15427260091657288
0.95,Chlorella,10,0.6301805618154445,0.8090426322751646,0.5694949813857538,-0.18920934703606626,0.9999999999999996,4.323779040853357e-17,4.4126666923763844e-16,0.11484575061656102
0.95,Chlorella,11,0.6370714643795157,0.8336352795781772,0.541787359567676,-0.18542465417320295,9.947212993497122e-25,1.0,3.7760743667620405e-29,0.2233845107494295
0.95,Chlorella,12,0.8740468825988107,0.8248089366034531,0.6292788128426384,-0.22344060073777136,8.105161090126053e-12,0.9999999999918949,3.3288909257473746e-20,0.1820820351474973
0.95,Chlorella,13,0.6506232770022051,0.8422665852486626,0.5838750606632633,0.09593544660134799,2.0286500483857473e-18,1.0,2.085946297206819e-26,0.1953668251172234
0.95,Chlorella,14,0.6917839707771806,0.8431429800721708,0.570073324650397,-0.08751641368918471,8.804713143472506e-28,1.0,3.345711865150954e-30,0.17528650918612024
0.95,Chlorella,15,0.5215974672959337,0.8267952090083619,0.5545288200210501,-0.21059391162170574,1.565281289079919e-16,0.9999999999999998,7.834701411413578e-25,0.15518203587464688
0.95,Chlorella,16,0.6370714643795158,0.8275431269629725,0.5263939540039727,-0.4540042241250711,5.893483940258767e-22,1.0,2.5987659640390715e-28,0.19018723519952552
0.95,Chlorella,17,0.6235696941456919,0.8000368178099772,0.4647788142856104,0.030351260341286296,1.985385644302306e-33,1.0,6.981690327527681e-37,0.29570918854084494
0.95,Chlorella,18,0.4874450122834309,0.8318790913722609,0.5756603030869312,-0.3529998135146841,1.0,1.447709893336308e-18,5.3196242135425854e-24,0.13523876607703264
0.95,Chlorella,19,0.6370714643795157,0.8173064262017818,0.46590570314404345,-0.02027890410917933,2.623033900466812e-20,1.0,4.934946062409565e-25,0.1053675681907212
0.95,Chlorella,20,0.7272907388168809,0.8172519805202862,0.4945372548300001,0.08387461676983567,0.9580744583801105,0.041925541619260445,6.290370480129783e-13,0.13267600486373426
1.17,Brachionus,1,3.4946924509653603,0.5079865717490075,0.25433723909217126,-0.1674264563676154,0.3911457547392206,0.6088542448772595,3.835198765080964e-10,0.7285738374276113
1.17,Brachionus,2,4.140326415326703,0.42074680726868036,0.11551461356143433,-0.1281482655541867,0.9999403595783858,4.061933599764852e-05,1.902108561659255e-05,0.8029876258102258
1.17,Brachionus,3,4.642066164286795,0.5123420245493551,0.27179962385091244,-0.2524637489396862,0.9901890904511523,0.009810907685901201,1.8629464860090553e-09,0.5795690044516659
1.17,Brachionus,4,3.691620261201677,0.4829329662843546,0.19442322101471535,-0.12414432250836817,1.4471591106418204e-09,0.9999999985528409,3.4305894207162602e-18,0.5088883422352414
1.17,Brachionus,5,3.1579943131843113,0.5661451635846868,0.32984092874806337,-0.16323248616179925,0.9998129791629574,2.2293324320262776e-05,0.00016472751272216985,0.5234214559376024
1.17,Brachionus,6,3.9200225222854024,0.48845739413999156,0.17130762993291912,0.2086081561302663,0.016678407904560277,0.9832423669396725,7.922515576727949e-05,0.7413073477571538
1.17,Brachionus,7,2.803587544039293,0.47276285667850043,0.2623044842181903,0.0441805805266004,1.8804045103353012e-14,0.9999999999999809,1.218748793570224e-16,0.8571004601771458
1.17,Brachionus,8,3.6916202612016757,0.47984941390537034,0.25892740086042304,0.017379654777872667,8.822462912618312e-10,0.9999999991177515,2.1223066894667756e-15,0.3785590843151712
1.17,Brachionus,9,3.691620261201677,0.4829329662843546,0.19442322101471535,-0.12414432250836817,1.4471591106418204e-09,0.9999999985528409,3.4305894207162602e-18,0.5088883422352414
1.17,Brachionus,10,2.5663206296979264,0.2925854579722116,0.09438240009522038,0.25276059088138236,3.909482891499191e-11,0.9999999999609039,1.343964819402599e-15,0.3780781051661649
1.17,Brachionus,11,3.6916202612016757,0.49954262608282535,0.27997749221462054,-0.08325906275365155,0.8576014786494287,0.14239852135057127,2.2435073344131832e-17,0.5533339165131848
1.17,Brachionus,12,4.253582178122271,0.49127098576623346,0.2209221283369683,-0.014684121247421706,0.9999986953691956,1.2959972776621624e-06,8.633526839315171e-09,0.7340995679425549
1.17,Brachionus,13,3.6916202612016757,0.42918230716970635,0.07657882252639116,-0.023806368002270026,8.484020178270892e-19,1.0,4.967198877190456e-20,0.7887250088385892
1.17,Brachionus,14,2.8069050679017824,0.36844505830474705,0.19501226660688933,0.08328210865632261,1.131367188776362e-13,0.999999999999881,5.736107805175135e-15,0.6153172687578411
1.17,Brachionus,15,3.6916202612016757,0.47984941390537034,0.25892740086042304,0.017379654777872667,8.822462912618312e-10,0.9999999991177515,2.1223066894667756e-15,0.3785590843151712
1.17,Brachionus,16,3.2004206438995526,0.5019646582149063,0.23837644007491376,-0.15308684824678892,1.1373384088144955e-10,0.9999999998862661,3.603212054359166e-19,0.6120750345699457
1.17,Brachionus,17,3.4649559630420486,0.4168675086673595,0.10412398800668712,-0.27317190491167326,3.6256952115887993e-08,0.9999999637427575,2.904314902774942e-13,0.9269359332236953
1.17,Brachionus,18,3.660842476628097,0.5198554161290878,0.2419172290586329,-0.07205060238614576,0.9999999999938107,6.187400309363629e-12,1.8629244721247502e-15,0.4147893685007756
1.17,Brachionus,19,2.6551308253559585,0.43292418334893173,0.2556803708455989,0.13977065994172097,3.0857328550949855e-19,1.0,5.201581665755824e-21,0.7139580382619245
1.17,Brachionus,20,3.6916202612016757,0.42336876228975784,0.2544482126904506,-0.005471677342522904,1.4286677886686414e-18,1.0,4.386252026075712e-20,0.7550821033924808
1.17,Chlorella,1,0.6512635625672661,0.2341893710482477,0.02908484608001822,-0.18596148444459235,0.9910471145017912,5.358237325516891e-08,0.008952831915835418,0.13664934245161223
1.17,Chlorella,2,0.7695601136694367,0.19179343670545188,0.06170978766948341,-0.07766453904748033,0.9993507585243434,3.360175638502537e-07,0.0006489054580926676,0.04135291986615248
1.17,Chlorella,3,0.6590761801072615,0.2843408690128765,0.025686938645344288,-0.2499361045961831,0.9894152530809358,4.742919629196666e-05,0.010537317722772175,0.060779994468046224
1.17,Chlorella,4,0.24163118273141854,0.2418988503889289,-0.06221538911213333,0.10142625898366885,0.5607966270262339,0.00017068145805442512,0.43903269151571167,0.016941002240483283
1.17,Chlorella,5,0.6590761801072614,0.28227623394634516,0.016804124639699703,-0.20571335169201407,0.9873976998659464,1.326003048696464e-07,0.012602167533748673,0.1448869286877874
1.17,Chlorella,6,0.666446977609547,0.2844758391031767,-0.0060511430134236426,-0.28779505786256454,0.0034593862493707455,0.9965371864769972,3.4272736321871306e-06,0.08015855151864827
1.17,Chlorella,7,0.6590761801072614,0.2843308177826699,0.030941179822320378,-0.1956864092020878,0.9999880667523984,1.4224735509573735e-06,1.0510774050741776e-05,0.07789658758411143
1.17,Chlorella,8,0.44266927057879,-0.03485385956507148,-0.09074362730844322,-0.09576244690085428,0.0003268746523336732,0.9942413282232636,0.005431797124402713,0.04436072768198699
1.17,Chlorella,9,1.0418791509475163,0.22101177283747694,0.1301268159798967,0.1346122206004321,0.990838684096263,2.620801069841676e-06,0.009158695102667135,0.11542752588922536
1.17,Chlorella,10,0.6590761801072615,0.36140653402259404,0.2247654592418717,-0.27378468053760463,0.9955899066273848,4.053460343228902e-06,0.004406039912272028,0.034681011999967426
1.17,Chlorella,11,0.6431391018387643,0.26860539202899036,0.024308674006103752,-0.1535584035062925,0.9986299135769018,9.508977934586414e-05,0.0012749966437522293,0.14389619683282448
1.17,Chlorella,12,0.3814179592875967,0.1774669618551578,-0.14283097835370373,-0.24561513731811266,0.9046509974562577,9.745884395045701e-06,0.09533925665934732,0.03151099301308491
1.17,Chlorella,13,0.6590761801072614,0.2843308177826699,0.030941179822320378,-0.1956864092020878,0.9999880667523984,1.4224735509573735e-06,1.0510774050741776e-05,0.07789658758411143
1.17,Chlorella,14,0.6590761801072617,0.28471505289528565,0.02889587505007994,-0.2587451658811268,0.9929085917933449,8.50906411167646e-06,0.0070828991425435205,0.05449434315113898
1.17,Chlorella,15,0.6570250920199296,0.2739304804657681,-1.3649106991751072e-05,-0.29715687628064213,0.9999999940071578,7.143623781292882e-10,5.278479898266516e-09,0.05484540284943167
1.17,Chlorella,16,0.9726117588152425,0.3155549414186253,-0.04496527396001128,-0.2590071267358022,0.9679471784759631,0.025625341757556448,0.006427479766480579,0.09691842600291471
1.17,Chlorella,17,0.6590761801072615,0.29192977516956475,0.04126536439234524,-0.21629918163367232,0.9878706624589897,0.002190195350657178,0.009939142190353035,0.07503211123759844
1.17,Chlorella,18,0.6590761801072618,0.2869620316387332,0.03599368908173671,-0.2555222989932564,0.9920303341318477,0.0009500054517237349,0.007019660416428588,0.12316153815541318
1.17,Chlorella,19,0.7184771645934475,0.2268675448495286,-0.05509460381056979,-0.1940904936985075,0.9938884277180141,1.1640696994916449e-07,0.006111455875016043,0.14647693871386866
1.17,Chlorella,20,0.3789576715254913,0.13413862290410436,0.15293860837100218,-0.15054976944735846,0.004437649314545113,0.00015285248293955798,0.9954094982025152,0.04234198645937738
1.24,Brachionus,1,2.5241166373605384,0.18098489434261822,0.1678179196345889,0.023915720942384745,0.8481376357862431,0.018102369338277153,0.13375999487547977,0.2569852591953429
1.24,Brachionus,2,2.654019756200493,0.19040860570559484,0.2251878877258713,0.04601319093217816,0.8787444737368146,0.014453989007907092,0.10680153725527823,0.2766081788507913
1.24,Brachionus,3,3.0290704690991643,0.3123979839996062,0.26839140037126236,-0.06284318328882582,0.9999333236107388,1.2848106599939682e-08,6.666354115475219e-05,0.45357337911534495
1.24,Brachionus,4,2.1297820094429873,0.2056028778271879,0.2611987916454848,-0.058678933669285116,0.0013230452068465595,0.7659717706978889,0.23270518409526453,0.2015358866862084
1.24,Brachionus,5,2.577407323980988,0.20143226234464928,0.18702495861817564,-0.0015931088155012464,0.05789641312751468,0.11230132147650955,0.8298022653959757,0.12159634729050083
1.24,Brachionus,6,2.796535642262933,0.11624318040310157,0.28539642927290826,-0.049968662975840676,1.7102525179547033e-05,0.9856471515272344,0.014335745947586203,0.24232632344999505
1.24,Brachionus,7,2.8668380477549085,0.17937748841665263,0.275299215690474,-0.1177157933888871,0.0830600688844485,0.156057735706901,0.7608821954086505,0.24186474269106154
1.24,Brachionus,8,2.3736024253160464,0.1828980623368227,0.17260992381961707,-0.055425238504836535,0.5287101626071217,0.05617891614705452,0.4151109212458238,0.24891331623835264
1.24,Brachionus,9,2.4695615657187955,0.176104064577415,0.1067985184010747,0.03968531062123187,0.99990352102294,2.1304144261480123e-13,9.647897684684856e-05,0.2162895053224084
1.24,Brachionus,10,3.1395266793857433,0.2612188809243524,0.21140135472224017,-0.022389379370203587,0.9990126061060202,2.1747032682585832e-09,0.0009873917192766187,0.36260137592779396
1.24,Brachionus,11,2.073494032330435,0.04640961929842763,0.05290665908768861,-0.05196527219630464,0.07570238432311392,0.0006318556049044485,0.9236657600719816,0.17989461621126324
1.24,Brachionus,12,1.8806338477922793,-0.0037378850102837845,0.03660174532092592,-0.05311879647804742,0.16147797782423276,1.181591021512111e-09,0.8385220209941762,0.16698179992529982
1.24,Brachionus,13,3.0062643612297917,0.18940676860460637,0.24495086781794753,0.16332506042723743,0.004111405154684918,1.3245034343841014e-06,0.9958872703418806,0.20347833149752623
1.24,Brachionus,14,2.814151981814739,0.2621091839950542,0.19517880763595755,-0.0360220004196869,0.9577887340006156,2.431453221698761e-09,0.042211263567930965,0.2850777519036831
1.24,Brachionus,15,2.284978836909653,0.022212587462899478,0.05910452035081937,0.06578147855948796,8.985962687969165e-06,0.9633435432444907,0.03664747079282126,0.14083437764467766
1.24,Brachionus,16,2.5774073239809883,0.184461522283504,0.16661419244007777,-0.0008105130897667432,0.9694135983958693,0.0036459785939910658,0.02694042301013955,0.250252400263218
1.24,Brachionus,17,3.159052800302842,0.3498897200450183,0.17215025034014436,-0.008316625393339655,0.9999999998691464,2.3471138669162393e-16,1.3085327488888297e-10,0.3850470200011716
1.24,Brachionus,18,2.9076661829382404,0.11942657210138452,0.12979235681937515,-0.04149767956792986,0.033159563045437816,0.11524979611030227,0.8515906408442598,0.17188040767773904
1.24,Brachionus,19,2.418855682818151,0.18874402933581533,0.08466735943472517,-0.09132834444889813,0.8594996471870713,7.547161952350037e-08,0.14050027734130924,0.20695759895178903
1.24,Brachionus,20,1.989925047041029,-0.024659123257597972,0.019034216259632888,-0.027596644913412773,3.877775910185177e-06,0.9942467640213206,0.005749358202769216,0.23578330027629338
1.24,Chlorella,1,0.10218750221374419,0.2127096371246077,-0.06380726949091187,-0.06518490275935387,0.9999877651022276,1.2253215345018824e-06,1.1009576237800973e-05,0.006890610434163257
1.24,Chlorella,2,0.13540618478800517,0.4527555965515891,0.265204390164988,-0.11670998703516704,0.9999999999999385,2.5669211595092704e-18,6.153711890308907e-14,0.01697474966048095
1.24,Chlorella,3,0.15072247522504148,0.3289085325472171,0.03120322961785148,-0.05567099800379629,0.9999995795358583,3.0126080234349775e-15,4.2046413864107336e-07,0.012348347572040655
1.24,Chlorella,4,0.13603824469006248,0.47713132755309934,0.22209630825654536,-0.23688484942237428,0.0022324136738417493,0.9977675863261345,2.36145803875333e-14,0.027373453570257517
1.24,Chlorella,5,0.15439461363512066,0.41033107292960885,0.2547223099488783,-0.14124941903925178,0.9999999309056747,2.3181143992824834e-10,6.886251382685677e-08,0.024452859547327215
1.24,Chlorella,6,0.09317086135123052,0.23641764156840417,0.13263605189328426,-0.05231390483576751,0.8097892509575629,2.5921460958063272e-05,0.19018482758147898,0.007299425259874116
1.24,Chlorella,7,0.13668126064508523,0.5838417424164029,0.42307311006152526,-0.3590281923669865,0.9999999999995077,3.4812655371268245e-15,4.886899530188199e-13,0.02974643627603292
1.24,Chlorella,8,0.14025412994862732,0.4479269273450031,0.2772079483160298,-0.16555079869689115,0.9999998096688003,1.9032606321416643e-07,5.136237015565486e-12,0.0208067073347671
1.24,Chlorella,9,0.17361564978889563,0.5312201540289163,0.36144349766551714,-0.3079158265499,1.4651799126495436e-10,0.9999999998534821,1.8091598656997372e-20,0.0334319726780354
1.24,Chlorella,10,0.095293281936969,0.42632487077793246,0.17958650399808432,0.14460429766739777,2.99225961002308e-05,0.9999700663574652,1.1046434542765777e-08,0.012668614503808009
1.24,Chlorella,11,0.14176311178112727,0.5171654665797689,0.3149703466975717,-0.2652785639350076,0.07939178588317988,0.9206082140397496,7.707062937850576e-11,0.032744600112403745
1.24,Chlorella,12,0.13720253856724832,0.4440982088512485,0.25207639061159787,-0.3040422163647575,0.000748554146237204,0.9992514458537628,1.0679208333084296e-17,0.03258473515649144
1.24,Chlorella,13,0.20876580699766806,0.5017510756499853,0.27300922774262903,0.10255371996380146,0.9999430389461934,6.767127936662401e-08,5.689338252730037e-05,0.020471444670122383
1.24,Chlorella,14,0.1376910183688216,0.44671239528261386,0.25137419778082115,-0.24160303461576677,0.37894573048564506,0.6210542695123548,2.000065595775868e-12,0.020842059432073404
1.24,Chlorella,15,0.10087113711898586,0.33011330672763844,0.17235975721573735,-0.0018837635208463744,0.9999994587176059,6.306193914289782e-14,5.412823311223081e-07,0.01382362693079231
1.24,Chlorella,16,0.13831898689893418,0.4562515499512736,0.2632732327723661,-0.25894698270136945,5.940212413323762e-06,0.999994059787546,4.0558571222823934e-14,0.02332628256118427
1.24,Chlorella,17,0.13079652269620687,0.47775133219365173,0.2814555494755762,-0.25840024152711055,4.102411251631971e-08,0.9999999589758876,8.519040792897432e-18,0.029436796371398465
1.24,Chlorella,18,0.15396843848219383,0.39827731808841516,0.2356707092144555,-0.1903563409166622,0.99999997965625,2.219040366565653e-12,2.0341530962099356e-08,0.02709569213465146
1.24,Chlorella,19,0.13769101836882155,0.4470542828976501,0.25352550085325404,-0.2423121301252155,7.163235551028636e-06,0.9999928367644491,5.142228668650869e-18,0.0315254952479157
1.24,Chlorella,20,0.13769101836882153,0.44997153624063685,0.2432473792734078,-0.2780353209314811,8.102935037890217e-05,0.999918970649621,2.248007386268182e-16,0.02807231684947239
1.37,Brachionus,1,0.5192003809199632,0.4067744563227883,0.2780418280606366,0.02361375051141969,0.9999762413054641,1.0599461305194404e-10,2.3758588541140446e-05,0.06396982783588373
1.37,Brachionus,2,0.45720340521358976,0.36615416452650495,0.26205967725704404,0.051093509351097195,0.958508616662971,0.00494587341191783,0.03654550992511124,0.028566152427103777
1.37,Brachionus,3,0.5298296497012683,0.3276251343700105,0.32849631459455625,0.008654799526656683,0.9972976368002926,0.0003221279369005717,0.002380235262806814,0.04960021090266117
1.37,Brachionus,4,0.29448079956211604,0.4293299464341408,0.35955910979201605,-0.23423708308265742,0.9808680270860383,0.00023542232843030283,0.018896550585531434,0.030425697751813013
1.37,Brachionus,5,0.4698373648786187,0.3618195965169254,0.29607879352012967,-0.044737965166868565,0.7376118982869215,2.2971630146329986e-07,0.262387871996777,0.03938716280754421
1.37,Brachionus,6,0.4763915619178061,0.3035841529458086,0.320284920251551,0.11476792448670241,0.012254395512668471,0.2991858590844858,0.6885597454028457,0.037783225023710586
1.37,Brachionus,7,0.42948457296944464,0.3399775604391749,0.2943788268460169,0.02609775705637007,0.9982807573928612,2.744110322678713e-13,0.0017192426068643207,0.0324411971800514
1.37,Brachionus,8,0.4851469336488027,0.23445567384100377,0.2823734647329258,0.06861866677809521,0.47136571728642324,0.2671217791279222,0.2615125035856544,0.0610409719077881
1.37,Brachionus,9,0.42535634136370015,0.3921023765393137,0.2990999713200416,-0.0565263577765153,0.9999927565936892,8.191602342217305e-08,7.161490287395765e-06,0.039062605628781534
1.37,Brachionus,10,0.3917380814794335,0.4433528719429486,0.33693422491606717,0.03500061588584322,5.682927374933136e-07,0.9999994316892392,1.8023290428313674e-11,0.05679111025111604
1.37,Brachionus,11,0.42411879969855126,0.3624996542443776,0.2916941225513612,0.010276121104290036,0.9999998317595103,7.003057508636745e-17,1.6824048970203107e-07,0.03666949641067712
1.37,Brachionus,12,0.3493101014797916,0.23223532282645,0.3308961393346916,-0.006881171164629567,0.9404924116761184,0.004942860292969386,0.05456472803091226,0.03678165886069137
1.37,Brachionus,13,0.3982463505675084,0.33496432710571494,0.3367043085858091,0.05606243599123521,0.9994972652098005,2.8479297990837873e-11,0.0005027347617200909,0.042203466023696616
1.37,Brachionus,14,0.43436220780810647,0.3894050388047948,0.163151310244769,-0.1500270367812739,0.9999999999955826,2.3161886106140533e-12,2.1012058934897907e-12,0.03627445886105224
1.37,Brachionus,15,0.4573513895911785,0.3249424818472623,0.3866042894791794,0.06615557919196852,0.8281304357325538,7.746895636199377e-09,0.17186955652055041,0.04041013517026137
1.37,Brachionus,16,0.3960965603894542,0.36077237980574745,0.2796089228851884,-0.25538367589843736,0.9999998206943137,2.2278292534193502e-10,1.7908290348379238e-07,0.029937775248995754
1.37,Brachionus,17,0.39099919755863255,0.3064257561258072,0.2979537058046427,-0.011257462039521228,0.6796481778744285,0.025815697860784137,0.2945361242647873,0.037753672888564384
1.37,Brachionus,18,0.4165952600050522,0.3591168455264591,0.29205680500237957,-0.01924294563737731,0.9999999652050978,1.4004652872355922e-16,3.479490193277571e-08,0.037277981611373356
1.37,Brachionus,19,0.3997572775731434,0.28772808804304517,0.3679365133063969,-0.05079741530342338,0.042270882047964954,0.957472841781968,0.0002562761700670355,0.04739797984369565
1.37,Brachionus,20,0.4606762238741042,0.40139900937911904,0.33387363282404536,-0.0031100968884541667,0.9865311690803096,0.0016055212093773576,0.011863309710313089,0.030172728044074934
1.37,Chlorella,1,0.11816606150862485,0.22957231977626547,0.23874437432506349,-0.1920896536502782,0.9763272733608671,8.190896868281859e-10,0.023672725820043074,0.010725069669766657
1.37,Chlorella,2,0.1152149992713168,0.21973299195886808,0.24100555502100063,-0.15750028230291757,0.10048825406444394,2.6430365012873428e-05,0.8994853155705432,0.008219098700238583
1.37,Chlorella,3,0.14476268747361273,0.28635176203106205,0.3501673719727707,-0.2947898841716698,0.14292221657118656,0.10218033508512027,0.7548974483436932,0.0136898251816515
1.37,Chlorella,4,0.15208215125292063,0.2927922286059714,0.3672640610523301,-0.33651444505687095,7.362261975711954e-13,0.9999999999992637,7.381419064358354e-17,0.03261177139485842
1.37,Chlorella,5,0.15404174584520208,0.35734004465792624,0.30555196895857534,-0.33746521432365356,1.4068085248799967e-13,0.9999999999998592,3.218504236117941e-17,0.03508679546980905
1.37,Chlorella,6,0.15316848972978309,0.2852105280433206,0.2937328490134629,-0.12862559363702888,0.9573336026435573,3.672446673521579e-08,0.042666360631976076,0.013767571615400168
1.37,Chlorella,7,0.1679616994119964,0.3406191265100193,0.36685360721936383,-0.26668171720907635,1.10540158055269e-07,0.99999988923429,2.2555190438027933e-10,0.025399162389373887
1.37,Chlorella,8,0.15290462444558942,0.32470883388565136,0.33395943313785853,-0.24713523346646504,0.0008582547665556196,0.999141721837473,2.3395971383020762e-08,0.029354061405231446
1.37,Chlorella,9,0.12006277037847513,0.3068447076546017,0.22159964914333258,-0.07653347163552586,0.0885701847503237,0.911334039567944,9.577568173240002e-05,0.013747586437871266
1.37,Chlorella,10,0.1652387704403731,0.4043044236492496,0.4117729121516449,-0.11733782251500512,3.373489307569467e-11,0.9999999999661919,7.327506033900857e-14,0.030959774519451477
1.37,Chlorella,11,0.13250937183129208,0.29953807044377684,0.22880480756936034,-0.1988808440502627,0.04518576167029901,3.690900549754826e-08,0.9548142014206954,0.006163306307958632
1.37,Chlorella,12,0.13388738878838072,0.290080137070318,0.3457462133872362,-0.35394054472930375,0.9871075786033601,0.00153681190346359,0.011355609493176209,0.01713334552719874
1.37,Chlorella,13,0.11800134176621449,0.1488285619440726,0.2656985696612389,-0.1727800210266132,0.9999198239900626,9.557195326712644e-06,7.06188146107875e-05,0.017546523689678028
1.37,Chlorella,14,0.14305954896723336,0.216801274468058,0.307459234102013,-0.24669570480954564,0.9917667576651724,0.001547230201900548,0.006686012132927153,0.01832554987203203
1.37,Chlorella,15,0.11661887619329638,0.2319286694964295,0.2845593254773313,-0.1315201480675947,0.59688250387854,0.3577703441327471,0.04534715198871268,0.01332387575509302
1.37,Chlorella,16,0.14571039296961458,0.2929030298839599,0.37083577429486897,-0.3136479072876207,1.1075472699943773e-05,0.9999889020415743,2.2485725701607338e-08,0.02389450503994314
1.37,Chlorella,17,0.14068752201889612,0.2679570396916716,0.30564884854589386,-0.2819280453732357,0.03624397004854888,6.442736962117744e-09,0.9637560235087141,0.006331839696203624
1.37,Chlorella,18,0.140671948594349,0.3088458349072665,0.3261571848201627,-0.32480495860681047,8.857639672126169e-14,0.9999999999999114,2.654897599292746e-17,0.03473997380496325
1.37,Chlorella,19,0.152842740633882,0.39260021811913914,0.38455516963574526,-0.3622837368903745,3.3137884403504495e-12,0.9999999999966851,1.0300335548313544e-15,0.03420073557424825
1.37,Chlorella,20,0.14018441077630253,0.36598139949750746,0.36465293688864175,-0.24680561502913298,0.9999996625768921,4.0221710795326894e-08,2.9720139721715286e-07,0.018307678741365425
